date,spy_return,model_return,regime,v17_signal
2024-05-17,0.016531084814666253,0.017581403484693725,CALM_BULL_BOOST,1.07
2024-05-24,-1.9011822165015957e-05,-0.00010347701324442404,CALM_BULL_BOOST,1.07
2024-05-31,-0.003909778804461861,-0.004263322851587481,CALM_BULL_BOOST,1.07
2024-06-07,0.012590654932428613,0.013377325143931751,CALM_BULL_BOOST,1.07
2024-06-14,0.016423049801618017,0.01751202876858393,CALM_BULL_BOOST,1.07
2024-06-21,0.006423682942270137,0.00672840210745651,CALM_BULL_BOOST,1.07
2024-06-28,-0.0005327676725505048,-0.0005901256157909707,CALM_BULL_BOOST,1.07
2024-07-05,0.019146803573725002,0.020411433262386813,CALM_BULL_BOOST,1.07
2024-07-12,0.0096457942811079,0.010213855101872227,CALM_BULL_BOOST,1.07
2024-07-19,-0.019643129795628322,-0.02108786900231352,NORMAL,1.0
2024-07-26,-0.008288078967643053,-0.008322434683943336,NORMAL,1.0
2024-08-02,-0.021196009691553663,-0.021196009691553663,LEVERAGED_LONG,1.3
2024-08-09,0.00016886730152498863,-0.0009189940308513833,LEVERAGED_LONG,1.3
2024-08-16,0.040000762346892094,0.05190229026607307,LEVERAGED_LONG,1.7
2024-08-23,0.014107589454104286,0.022837400997787194,LEVERAGED_LONG,1.7
2024-08-30,0.002757278251182216,0.003644155898674839,LEVERAGED_LONG,1.7
2024-09-06,-0.041370932309769404,-0.07006786913854024,LEVERAGED_LONG,1.7
2024-09-13,0.040066208438946704,0.06738551715130248,LEVERAGED_LONG,1.2
2024-09-20,0.01420415861073887,0.016477179062180713,LEVERAGED_LONG,1.2
2024-09-27,0.005666444354547773,0.00666023568570151,LEVERAGED_LONG,1.2
2024-10-04,0.002642277063580556,0.0029064492157642174,LEVERAGED_LONG,1.2
2024-10-11,0.011518871759517602,0.013546185565903368,LEVERAGED_LONG,1.2
2024-10-18,0.008644003969271674,0.010175440256673607,LEVERAGED_LONG,1.2
2024-10-25,-0.009493692410700083,-0.011586078542302869,YC_BOOST,1.12
2024-11-01,-0.013816030114256916,-0.015654146692941295,YC_BOOST,1.12
2024-11-08,0.04754490324773486,0.05323225492614214,YC_BOOST,1.12
2024-11-15,-0.02079609679939165,-0.023422605530611595,YC_BOOST,1.12
2024-11-22,0.01666233204765577,0.018524136584114226,YC_BOOST,1.12
2024-11-29,0.01182183029763828,0.01310693345345193,YC_BOOST,1.12
2024-12-06,0.008729501853763644,0.009675117864241578,NORMAL,1.0
2024-12-13,-0.005922801697918034,-0.005982755061134992,YC_BOOST,1.12
2024-12-20,-0.01832208134500679,-0.020930084548777095,YC_BOOST,1.12
2024-12-27,0.006529650634676587,0.0072936840700288386,YC_BOOST,1.12
2025-01-03,-0.005142857142857338,-0.006000528922177617,YC_BOOST,1.12
2025-01-10,-0.019359756464314204,-0.02175700961125948,YC_BOOST,1.12
2025-01-17,0.029440876054893872,0.03279319851376994,YC_BOOST,1.12
2025-01-24,0.0173865135539637,0.019339042242961124,YC_BOOST,1.12
2025-01-31,-0.010115445775134457,-0.011424097017776913,YC_BOOST,1.12
2025-02-07,-0.0017447884245970213,-0.002113746242332959,YC_BOOST,1.12
2025-02-14,0.01486425035290706,0.0164831439079276,YC_BOOST,1.12
2025-02-21,-0.01600773636166153,-0.018013851928380564,YC_BOOST,1.12
2025-02-28,-0.009601017414932578,-0.010983562007322867,YC_BOOST,1.12
2025-03-07,-0.030731526954475785,-0.03460076091177311,YC_BOOST,1.12
2025-03-14,-0.0227636937341138,-0.02570444366785818,DEFENSIVE,0.6
2025-03-21,0.005093502450758569,0.004977676633639794,DEFENSIVE,0.6
2025-03-28,-0.014752302632263015,-0.006622276371130997,DEFENSIVE,0.6
2025-04-04,-0.0906669697524195,-0.05330301934563164,DEFENSIVE,0.6
2025-04-11,0.056721201874428306,0.02609539313055964,DEFENSIVE,0.6
2025-04-18,-0.014102905481801487,-0.004237700911173592,LEVERAGED_LONG,1.7
2025-04-25,0.04602887409240708,0.10505668347383201,LEVERAGED_LONG,1.7
2025-05-02,0.029275050737501918,0.04925768046834089,LEVERAGED_LONG,1.7
2025-05-09,-0.004269894358238546,-0.007916483922756012,LEVERAGED_LONG,1.7
2025-05-16,0.052911302536658766,0.09024145122802119,YC_BOOST,1.12
2025-05-23,-0.02539554137771538,-0.02884239412890799,YC_BOOST,1.12
2025-05-30,0.01775152407579772,0.01974397652917781,LEVERAGED_LONG,1.2
2025-06-06,0.01654236569487999,0.01954719019833817,YC_BOOST,1.12
2025-06-13,-0.0035717468886061754,-0.004139678949142467,YC_BOOST,1.12
2025-06-20,-0.0016132749958092107,-0.002068798620504575,YC_BOOST,1.12
2025-06-27,0.03471416778614578,0.03890708434589718,YC_BOOST,1.12
2025-07-04,0.01696195015229307,0.01890309604460616,YC_BOOST,1.12
2025-07-11,-0.002750556947425209,-0.0031997727850499036,YC_BOOST,1.12
2025-07-18,0.006350026990205482,0.007007372779576748,YC_BOOST,1.12
2025-07-25,0.015169401325332066,0.01684844484796799,NORMAL,1.0
2025-08-01,-0.024140781484711882,-0.024199347743819044,YC_BOOST,1.12
2025-08-08,0.024866581971893842,0.027670840198896762,YC_BOOST,1.12
2025-08-15,0.00982461807669055,0.010911850668857914,YC_BOOST,1.12
2025-08-22,0.0029063123926609258,0.0030644401962556245,YC_BOOST,1.12
2025-08-29,-0.00040300142104521264,-0.0005489410340127066,YC_BOOST,1.12
2025-09-05,0.0033950694152808936,0.0035857020432208397,YC_BOOST,1.12
2025-09-12,0.015712890725301243,0.01757331326322098,YC_BOOST,1.12
2025-09-19,0.012366845024330608,0.013704594494293065,YC_BOOST,1.12
2025-09-26,-0.0028325562231473755,-0.0032648982276509697,YC_BOOST,1.12
2025-10-03,0.011166154139524265,0.012372334540539098,YC_BOOST,1.12
2025-10-10,-0.02419278204702513,-0.027171351094813168,NORMAL,1.0
2025-10-17,0.01741147063534476,0.017351348466161598,NORMAL,1.0
2025-10-24,0.019356070768909994,0.019356070768909994,DUAL_BOOST,1.25
2025-10-31,0.007102264873938724,0.008551136190601216,CALM_BULL_BOOST,1.07
2025-11-07,-0.016259671647706475,-0.017541295871129736,YC_BOOST,1.12
2025-11-14,0.0014308936722773336,0.0014226924004003827,NORMAL,1.0
2025-11-21,-0.019198430339653405,-0.019257831849420315,LEVERAGED_LONG,1.3
2025-11-28,0.036963362537681066,0.04772153472490248,CALM_BULL_BOOST,1.07
2025-12-05,0.003365588310136003,0.0034168989160912044,CALM_BULL_BOOST,1.07
2025-12-12,-0.005731491891449836,-0.006214257821365421,DUAL_BOOST,1.25
2025-12-19,0.0012337582474888364,0.0011072074124320874,DUAL_BOOST,1.25
2025-12-26,0.01428165868240372,0.01764174220183934,DUAL_BOOST,1.25
2026-01-02,-0.010343166003722648,-0.013142803648085066,DUAL_BOOST,1.25
2026-01-09,0.01595501466866245,0.019681688525864827,DUAL_BOOST,1.25
2026-01-16,-0.0034722813138658992,-0.0046030875398761495,DUAL_BOOST,1.25
2026-01-23,-0.003513314803889944,-0.004758693471982545,DUAL_BOOST,1.25
2026-01-30,0.003975460654394469,0.004802717908018117,DUAL_BOOST,1.25
2026-02-06,-0.001950937693641075,-0.0027586750678554317,YC_BOOST,1.12
2026-02-13,-0.012843508237108003,-0.01462424204174173,YC_BOOST,1.12
2026-02-20,0.01126517926956394,0.012534964906635304,DUAL_BOOST,1.25
2026-02-27,-0.004989677188090513,-0.0064544377730655356,YC_BOOST,1.12
2026-03-06,-0.019839946812501674,-0.02242886808471467,YC_BOOST,1.12
2026-03-13,-0.015006367038130186,-0.016954460330645738,NORMAL,1.0
2026-03-20,-0.018041555783047003,-0.018099879734653435,DEFENSIVE,0.6
2026-03-27,-0.022326009999274365,-0.013170608941842632,DEFENSIVE,0.6
2026-04-03,0.034285336961040525,0.02681536027263065,NORMAL,1.0
2026-04-10,0.036030685188316536,0.03282737182076101,NORMAL,1.0
2026-04-17,0.045153492013715324,0.045153492013715324,CALM_BULL_BOOST,1.07
2026-04-24,0.0053510402379592925,0.005642253068631753,NORMAL,1.0
2026-05-01,0.009398579642141414,0.00936331145212077,CALM_BULL_BOOST,1.07
2026-05-08,0.02354814421455509,0.02508356446963056,CALM_BULL_BOOST,1.07
