date,model_equity,spy_equity,model_daily_return,spy_daily_return,excess_daily_return,model_drawdown,spy_drawdown,weight_SPY,weight_SPXL,weight_SPXS,weight_TLT,weight_GLD,weight_SHY
2026-05-01,10000.0,10000.0,0.0,0.0,0.0,0.0,0.0,0.0,0.0,0.0,0.0,0.0,0.0
2026-05-04,9960.774794023304,9963.366190490702,-0.003922520597669581,-0.0036633809509297732,-0.0002591396467398078,-0.003922520597669621,-0.0036633809509297732,0.965,0.035,0.0,0.0,0.0,0.0
2026-05-05,10046.000991650812,10043.294734302732,0.008556181561161908,0.008022242913074518,0.0005339386480873905,0.0,0.0,0.965,0.035,0.0,0.0,0.0,0.0
2026-05-06,10195.415889070227,10182.890693245216,0.014873072135230066,0.013899418730159985,0.0009736534050700813,0.0,0.0,0.965,0.035,0.0,0.0,0.0,0.0
2026-05-07,10161.762443539912,10151.669044737408,-0.0033008408775547895,-0.0030660889376450395,-0.00023475193990974991,-0.003300840877554889,-0.0030660889376450395,0.965,0.035,0.0,0.0,0.0,0.0
2026-05-08,10251.196187624762,10235.481780221315,0.008801007166006531,0.008256054754597786,0.0005449524114087452,0.0,0.0,0.965,0.035,0.0,0.0,0.0,0.0
2026-05-11,10276.037069916789,10258.793740143743,0.0024232179189015027,0.0022775635209937306,0.0001456543979077721,0.0,0.0,0.965,0.035,0.0,0.0,0.0,0.0
2026-05-12,10259.56146521736,10243.252717274256,-0.0016033033539418677,-0.0015148976832113359,-8.840567073053183e-05,-0.0016033033539417652,-0.0015148976832113359,0.965,0.035,0.0,0.0,0.0,0.0
2026-05-13,10320.8751568596,10300.562207589655,0.005976248775360267,0.005594852718878274,0.00038139605648199355,0.0,0.0,0.965,0.035,0.0,0.0,0.0,0.0
2026-05-14,10407.936457850386,10381.877415489675,0.008435457232802975,0.007894249484761584,0.0005412077480413911,0.0,0.0,0.965,0.035,0.0,0.0,0.0,0.0
2026-05-15,10273.5681663639,10256.990821458441,-0.012910176001808354,-0.012029288059682064,-0.0008808879421262905,-0.012910176001808327,-0.012029288059682175,0.965,0.035,0.0,0.0,0.0,0.0
2026-05-18,10266.34057305573,10249.774890535253,-0.0007035134425675826,-0.0007035134425675826,0.0,-0.01360460696201271,-0.012724338736395224,1.0,0.0,0.0,0.0,0.0,0.0
2026-05-19,10197.957667111581,10181.502326684436,-0.006660884222331576,-0.006660884222331576,0.0,-0.020174872472479843,-0.01930046761159787,1.0,0.0,0.0,0.0,0.0,0.0
2026-05-20,10302.476834372259,10285.852842678401,0.010249029332388027,0.010249029332388027,0.0,-0.0101326159998395,-0.009249249337890064,1.0,0.0,0.0,0.0,0.0,0.0
2026-05-21,10322.90797964107,10306.251020419626,0.0019831294549137457,0.0019831294549137457,0.0,-0.008169580834170298,-0.007284462341774045,1.0,0.0,0.0,0.0,0.0,0.0
2026-05-22,10363.493171225622,10346.770724073593,0.003931565762728351,0.003931565762728351,0.0,-0.004270134315745411,-0.003381535921788359,1.0,0.0,0.0,0.0,0.0,0.0
2026-05-26,10445.563990057599,10415.458691285328,0.007919223516241412,0.006638589859918387,0.0012806336563230252,0.0,0.0,0.9,0.0999999999999999,0.0,0.0,0.0,0.0
2026-05-27,10443.860140025758,10413.654070127235,-0.0001631170929078163,-0.000173263723814987,1.0146630907170712e-05,-0.0001631170929078385,-0.000173263723814987,0.9,0.0999999999999999,0.0,0.0,0.0,0.0
2026-05-28,10512.746619218451,10471.102311975072,0.006595882965599051,0.005516626676954184,0.0010792562886448673,0.0,0.0,0.9,0.0999999999999999,0.0,0.0,0.0,0.0
2026-05-29,10542.784663484386,10497.190153782662,0.0028572974650622465,0.002491413132097442,0.0003658843329648045,0.0,0.0,0.9,0.0999999999999999,0.0,0.0,0.0,0.0
2026-06-01,10576.807809737435,10525.774671937745,0.003227149879186152,0.0027230637662387647,0.0005040861129473875,0.0,0.0,0.9,0.0999999999999999,0.0,0.0,0.0,0.0
2026-06-02,10594.048760285898,10540.068633488077,0.00163007127089807,0.0013579961566574372,0.0002720751142406327,0.0,0.0,0.9,0.0999999999999999,0.0,0.0,0.0,0.0
2026-06-03,10505.07394583779,10466.10725680729,-0.008398565691112279,-0.00701716271996522,-0.001381402971147059,-0.008398565691112192,-0.00701716271996522,0.9,0.0999999999999999,0.0,0.0,0.0,0.0
2026-06-04,10552.085408244775,10505.654848497794,0.004475119608806865,0.003778634283035931,0.0006964853257709338,-0.003961030668315546,-0.003265043728552519,0.9,0.0999999999999999,0.0,0.0,0.0,0.0
2026-06-05,10223.688675650876,10234.510519494246,-0.031121500621792725,-0.025809369612244448,-0.0053121310095482766,-0.034959258071701305,-0.02899014462040661,0.9,0.0999999999999999,0.0,0.0,0.0,0.0
2026-06-08,10254.871372779882,10257.683727884238,0.003050043689541459,0.002264222440912178,0.0007858212486292811,-0.032015841646632404,-0.026791562315509165,0.85,0.15,0.0,0.0,0.0,0.0
2026-06-09,10214.921312894192,10227.572942872332,-0.0038957153564824704,-0.002935437064612745,-0.0009602782918697256,-0.035786832397161294,-0.02964835443508207,0.85,0.15,0.0,0.0,0.0,0.0
2026-06-10,10005.59064835162,10066.329191160283,-0.02049263603022936,-0.015765592933211114,-0.004727043097018244,-0.055546101896400746,-0.04494652348113004,0.85,0.15,0.0,0.0,0.0,0.0
2026-06-11,10225.586287723569,10237.425152911848,0.02198727162680717,0.016996857394830034,0.0049904142319771375,-0.03478013749980002,-0.028713615736302267,0.85,0.15,0.0,0.0,0.0,0.0
2026-06-12,10296.283264670352,10292.791270536716,0.006913733350591266,0.005408207317551872,0.0015055260330393942,-0.02810686474577917,-0.023460697605488745,0.85,0.15,0.0,0.0,0.0,0.0
2026-06-15,10513.634194912931,10474.294448457551,0.021109649439072294,0.017634009390668393,0.003475640048403901,-0.007590541368321602,-0.006240394376707203,0.9,0.0999999999999999,0.0,0.0,0.0,0.0
2026-06-16,10438.764698889892,10411.851151441935,-0.007121181376014061,-0.005961575485861181,-0.0011596058901528795,-0.014657669122509764,-0.012164767280430033,0.9,0.0999999999999999,0.0,0.0,0.0,0.0
2026-06-17,10482.197505977922,10481.829048237694,-0.014998632254697927,-0.01248789492983049,-0.0025107373248674375,-0.010557932744964749,-0.005525541367476849,0.9,0.0999999999999999,0.0,0.0,0.0,0.0
2026-06-18,10610.627045381669,10590.808413197152,0.012252157940212813,0.010396979807429707,0.0018551781327831064,0.0,0.0,0.9,0.0999999999999999,0.0,0.0,0.0,0.0
2026-06-22,10570.611550720345,10557.47989883496,-0.0037712657781842508,-0.0031469282666526377,-0.0006243375115316131,-0.0037712657781842074,-0.0031469282666526377,0.9,0.0999999999999999,0.0,0.0,0.0,0.0
2026-06-23,10387.092649239792,10404.164046678743,-0.017361237862160192,-0.014522012225013592,-0.0028392256371466,-0.0210670297981278,-0.0176232407609066,0.9,0.0999999999999999,0.0,0.0,0.0,0.0
2026-06-24,10379.337105014401,10399.341712816567,-0.0007466520697644304,-0.0004635003677893046,-0.00028315170197512585,-0.021797952126489828,-0.01807857275012159,0.9,0.0999999999999999,0.0,0.0,0.0,0.0
2026-06-25,10394.49648854569,10414.37538419111,0.0014605348470630552,0.0014456368287247834,1.4898018338271824e-05,-0.020369253948101962,-0.016659070971975165,0.9,0.0999999999999999,0.0,0.0,0.0,0.0
2026-06-26,10303.113966882283,10339.065576820018,-0.008791433213153385,-0.007231332133985857,-0.001560101079167528,-0.028981612225568942,-0.023769935830718847,0.9,0.0999999999999999,0.0,0.0,0.0,0.0
2026-06-29,10472.855840320692,10509.399746300533,0.01647481275894025,0.01647481275894025,0.0,-0.012984266101497055,-0.00768672831388173,1.0,0.0,0.0,0.0,0.0,0.0
2026-06-30,10554.406033657839,10591.23450028125,0.007786815227913024,0.007786815227913024,0.0,-0.005298556954586475,0.0,1.0,0.0,0.0,0.0,0.0,0.0
2026-07-01,10540.13116099961,10576.90981698758,-0.0013525036475483532,-0.0013525036475483532,0.0,-0.006643894284526941,-0.0013525036475484642,1.0,0.0,0.0,0.0,0.0,0.0
2026-07-02,10526.280893810284,10563.011220778006,-0.0013140507435593918,-0.0013140507435593918,0.0,-0.007949214613861666,-0.002664777132684204,1.0,0.0,0.0,0.0,0.0,0.0
2026-07-06,10618.147875831788,10655.198762769476,0.008727392224116226,0.008727392224116226,0.0,0.0,0.0,1.0,0.0,0.0,0.0,0.0,0.0
2026-07-07,10556.375606813732,10604.566426702808,-0.005817612425483197,-0.004751890339538711,-0.0010657220859444858,-0.005817612425483176,-0.0047518903395386,0.9,0.0999999999999999,0.0,0.0,0.0,0.0
2026-07-08,10517.461212960903,10571.80458212863,-0.0036863403977128385,-0.0030894091522385425,-0.000596931245474296,-0.009482507123493744,-0.007826618958271747,0.9,0.0999999999999999,0.0,0.0,0.0,0.0
2026-07-09,10623.737984179446,10661.297622295007,0.010104793263946109,0.008465256756416295,0.0016395365075298138,0.0,0.0,0.9,0.0999999999999999,0.0,0.0,0.0,0.0
2026-07-10,10678.007179043989,10707.24907499789,0.005108295681365592,0.004310118179872147,0.0007981775014934455,0.0,0.0,0.9,0.0999999999999999,0.0,0.0,0.0,0.0
2026-07-13,10579.722097088996,10625.272870518784,-0.009204440520313759,-0.007656140611366324,-0.0015482999089474342,-0.009204440520313661,-0.007656140611366324,0.9,0.0999999999999999,0.0,0.0,0.0,0.0
2026-07-14,10624.819303913813,10662.99936724799,0.004262607884306101,0.0035506379166867497,0.0007119699676193516,-0.004981067556740215,-0.004132686877829861,0.9,0.0999999999999999,0.0,0.0,0.0,0.0
2026-07-15,10674.593333841936,10705.263561253663,0.004684694252615528,0.003963630921285599,0.0007210633313299289,-0.00031970808267967055,-0.0001854364020411614,0.9,0.0999999999999999,0.0,0.0,0.0,0.0
2026-07-16,10605.415831562512,10647.25583999811,-0.0064805749611190995,-0.005418616825605738,-0.0010619581355133618,-0.006798211151603284,-0.005603048418838741,0.9,0.0999999999999999,0.0,0.0,0.0,0.0
2026-07-17,10478.038551173931,10541.877822083467,-0.012010588025176369,-0.009897199757215702,-0.0021133882679606666,-0.018727148663329585,-0.015444793686603897,0.9,0.0999999999999999,0.0,0.0,0.0,0.0
2026-07-20,10461.123292999857,10524.85950475917,-0.0016143534967409945,-0.0016143534967409945,0.0,-0.02031126992214194,-0.01703421382665049,1.0,0.0,0.0,0.0,0.0,0.0
2026-07-21,10548.382943626468,10612.650799972564,0.008341327043244195,0.008341327043244195,0.0,-0.012139365823982007,-0.008834974731858902,1.0,0.0,0.0,0.0,0.0,0.0
2026-07-22,10536.117634808184,10600.31076262865,-0.001162766737217713,-0.001162766737217713,0.0,-0.013288017310408629,-0.00998746845433418,1.0,0.0,0.0,0.0,0.0,0.0
2026-07-23,10406.004444236512,10469.404834830326,-0.012349253784127878,-0.012349253784127878,0.0,-0.025473173996482412,-0.02221338445585852,1.0,0.0,0.0,0.0,0.0,0.0
2026-07-24,10416.576588412721,10480.04139163232,0.0010159657563921787,0.0010159657563921787,0.0,-0.024483088112577378,-0.021219986737407104,1.0,0.0,0.0,0.0,0.0,0.0
2026-07-27,10418.832991216423,10482.311541962255,0.00021661654234961247,0.00021661654234961247,0.0,-0.024271775012120744,-0.02100796679521333,1.0,0.0,0.0,0.0,0.0,0.0
2026-07-28,10443.78366549114,10507.414232556308,0.0023947666975516757,0.0023947666975516757,0.0,-0.02193513355305854,-0.01866350927692617,1.0,0.0,0.0,0.0,0.0,0.0
2026-07-29,10283.080518714096,10345.731973928032,-0.015387445003102407,-0.015387445003102407,0.0,-0.036985052894977666,-0.033763770557464934,1.0,0.0,0.0,0.0,0.0,0.0
2026-07-30,10455.4840110692,10519.185864523271,0.01676574369337569,0.01676574369337569,0.0,-0.020839391118925188,-0.017564101587377645,1.0,0.0,0.0,0.0,0.0,0.0
2026-07-31,10530.762128306587,10594.92262677293,0.007199869193782904,0.007199869193782904,0.0,-0.013789562815276546,-0.010490691627530135,1.0,0.0,0.0,0.0,0.0,0.0
2026-08-03,10710.828373622795,10745.826010306357,0.017099070620177785,0.014242990614400597,0.002856080005777188,0.0,0.0,0.9,0.0999999999999999,0.0,0.0,0.0,0.0
2026-08-04,10941.608450816539,10939.561993222407,0.021546426582847528,0.01802895214665101,0.003517474436196516,0.0,0.0,0.9,0.0999999999999999,0.0,0.0,0.0,0.0
2026-08-05,10915.595543677096,10917.720474241465,-0.002377429904969974,-0.0019965624761277834,-0.0003808674288421905,-0.0023774299049698078,-0.0019965624761277834,0.9,0.0999999999999999,0.0,0.0,0.0,0.0
2026-08-06,10893.748513358423,10900.276069833071,-0.0020014510643286735,-0.0015978064697251826,-0.0004036445946034909,-0.004374122659684843,-0.0035911788254113786,0.9,0.0999999999999999,0.0,0.0,0.0,0.0
2026-08-07,10972.89662091792,10966.934834146394,0.007265461237923952,0.0061153280785064545,0.0011501331594174977,0.0,0.0,0.9,0.0999999999999999,0.0,0.0,0.0,0.0
2026-08-10,10969.632808217832,10963.672794738814,-0.0002974431285415191,-0.0002974431285415191,0.0,-0.0002974431285415191,-0.00029744312854163013,1.0,0.0,0.0,0.0,0.0,0.0
2026-08-11,10934.58263767323,10928.641667629168,-0.003195199981383512,-0.003195199981383512,0.0,-0.003491692719646333,-0.0034916927196464442,1.0,0.0,0.0,0.0,0.0,0.0
2026-08-12,10961.969490609163,10956.013640758685,0.0025046088948632583,0.0025046088948632583,0.0,-0.0009958291494268634,-0.0009958291494269744,1.0,0.0,0.0,0.0,0.0,0.0
2026-08-13,11038.456797971803,11032.459391089214,0.006977515074108265,0.006977515074108265,0.0,0.0,0.0,1.0,0.0,0.0,0.0,0.0,0.0
2026-08-14,11016.603405620508,11010.617872108274,-0.0019797506799419384,-0.0019797506799419384,0.0,-0.0019797506799420495,-0.0019797506799419384,1.0,0.0,0.0,0.0,0.0,0.0
2026-08-17,10952.762116855636,10958.566692085396,-0.005795006538249476,-0.004727362317670902,-0.001067644220578574,-0.007763284550057037,-0.006697753998849976,0.89,0.1099999999999999,0.0,0.0,0.0,0.0
2026-08-18,10861.911987489771,10884.533410377659,-0.008294723138928725,-0.00675574496080833,-0.001538978178120395,-0.01599361339299432,-0.01340825064183182,0.89,0.1099999999999999,0.0,0.0,0.0,0.0
2026-08-19,10890.422341541256,10907.366818436245,0.0026248006874223166,0.0020977847370853286,0.000527015950336988,-0.013410792753000278,-0.011338593528293917,0.89,0.1099999999999999,0.0,0.0,0.0,0.0
2026-08-20,10778.405870814584,10815.746814027258,-0.01028577838523188,-0.008399827926766523,-0.0018859504584653568,-0.023558630696004612,-0.01964317922049119,0.89,0.1099999999999999,0.0,0.0,0.0,0.0
2026-08-21,10831.080047109459,10859.996521777153,0.0048870099090909565,0.004091229991858514,0.0007957799172324427,-0.01878675204856961,-0.015632313992595126,0.89,0.1099999999999999,0.0,0.0,0.0,0.0
2026-08-24,10792.072206829998,10828.085115782233,-0.0036014728087869832,-0.0029384361156037375,-0.0006630366931832457,-0.022320564880688343,-0.01852481555219254,0.89,0.1099999999999999,0.0,0.0,0.0,0.0
2026-08-25,10833.383669248426,10862.691023602249,0.0038279453312294936,0.003195939766817757,0.0006320055644117367,-0.01857806145158425,-0.015388079980070968,0.89,0.1099999999999999,0.0,0.0,0.0,0.0
2026-08-26,10835.690472706308,10865.102624430569,0.00021293471442645817,0.00022200767959623668,-9.072965169778515e-06,-0.018369082651367608,-0.015169488572404632,0.89,0.1099999999999999,0.0,0.0,0.0,0.0
2026-08-27,10922.170094748679,10936.299953814823,0.007980997820138985,0.006552844629756693,0.0014281531903822912,-0.010534688439827078,-0.008716047244375802,0.89,0.1099999999999999,0.0,0.0,0.0,0.0
2026-08-28,10891.434908930538,10911.480164217544,-0.0028140182355260984,-0.0022694869107554583,-0.0005445313247706401,-0.013319061869978,-0.010965753199996708,0.89,0.1099999999999999,0.0,0.0,0.0,0.0
2026-08-31,10858.874441108286,10878.859770141753,-0.002989548034258882,-0.002989548034258882,0.0,-0.01626879192900521,-0.013922518588332378,1.0,0.0,0.0,0.0,0.0,0.0
2026-09-01,10784.269478802815,10804.117500353144,-0.006870413937474118,-0.006870413937474118,0.0,-0.023027432531664394,-0.020697279060052476,1.0,0.0,0.0,0.0,0.0,0.0
2026-09-02,10832.118381237004,10852.05446680025,0.004436916429827686,0.004436916429827686,0.0,-0.01869268689557324,-0.016352194727739078,1.0,0.0,0.0,0.0,0.0,0.0
2026-09-03,10945.513523643995,10965.658308483034,0.010468417941536634,0.010468417941536634,0.0,-0.008419951812909776,-0.0060549583948737995,1.0,0.0,0.0,0.0,0.0,0.0
2026-09-04,10903.326972317922,10923.394114477362,-0.0038542322600894074,-0.0038542322600894074,0.0,-0.012241731623093388,-0.009885853438984182,1.0,0.0,0.0,0.0,0.0,0.0
2026-09-08,10818.987134610577,10863.400879477584,-0.007735238787341813,-0.005492178930014524,-0.0022430598573272885,-0.01988227769316009,-0.01532373749303595,0.8,0.1999999999999999,0.0,0.0,0.0,0.0
2026-09-09,10748.05912531889,10812.91086170377,-0.006555882580244863,-0.004647717444469568,-0.0019081651357752954,-0.026307814395420737,-0.01990023453544476,0.8,0.1999999999999999,0.0,0.0,0.0,0.0
2026-09-10,10657.099057967487,10748.095292841816,-0.008462929566244257,-0.005994275703456675,-0.002468653862787582,-0.03454810278139475,-0.025775222746532545,0.8,0.1999999999999999,0.0,0.0,0.0,0.0
2026-09-11,10781.472293982459,10839.715297250805,0.011670458849867503,0.008524301461116268,0.0031461573887512344,-0.023280836143378503,-0.017470637054335048,0.8,0.1999999999999999,0.0,0.0,0.0,0.0
2026-09-14,10733.36910054976,10791.352243719602,-0.004461653484890693,-0.004461653484890693,0.0,-0.02763861860455885,-0.021854342610528987,1.0,0.0,0.0,0.0,0.0,0.0
2026-09-15,10684.137793969683,10741.8549828179,-0.004586752409134642,-0.004586752409134642,0.0,-0.0320985995132238,-0.026340854561044846,1.0,0.0,0.0,0.0,0.0,0.0
2026-09-16,10637.022023215332,10694.48468615881,-0.0044098804847823025,-0.0044098804847823025,0.0,-0.03636692901042393,-0.030634575025345834,1.0,0.0,0.0,0.0,0.0,0.0
2026-09-17,10757.632596101368,10815.746814027252,0.011338753705953053,0.011338753705953053,0.0,-0.02544053095556198,-0.019643179220491747,1.0,0.0,0.0,0.0,0.0,0.0
2026-09-18,10771.477228759322,10829.66623730407,0.0012869590529585029,0.0012869590529585029,0.0,-0.024186312824228784,-0.01838150013485995,1.0,0.0,0.0,0.0,0.0,0.0
2026-09-21,10938.488899342306,10997.580128011577,0.015504992215651825,0.015504992215651825,0.0,-0.009056329200641922,-0.003161512935711208,1.0,0.0,0.0,0.0,0.0,0.0
2026-09-22,10936.791982396824,10995.874044086251,-0.00015513266604716414,-0.00015513266604716414,0.0,-0.009210056934195632,-0.003316155147827904,1.0,0.0,0.0,0.0,0.0,0.0
2026-09-23,10858.023445505782,10916.679988673573,-0.007202161019229769,-0.007202161019229769,0.0,-0.01634588564038897,-0.010494432683718302,1.0,0.0,0.0,0.0,0.0,0.0
2026-09-24,10849.114199976142,10907.722614168377,-0.000820521854125067,-0.000820521854125067,0.0,-0.01715299533812109,-0.011306343626479753,1.0,0.0,0.0,0.0,0.0,0.0
2026-09-25,10908.08422166094,10967.011200059627,0.005435468794763754,0.005435468794763754,0.0,-0.011810761114254498,-0.005932330109680639,1.0,0.0,0.0,0.0,0.0,0.0
2026-09-28,10793.564170049865,10885.400337051815,-0.010498640208852026,-0.007441486246259066,-0.00305715396259296,-0.022185404391575236,-0.013329671003020183,0.8,0.19999999999999996,0.0,0.0,0.0,0.0
2026-09-29,10793.486554303652,10885.684973637526,-7.190928315337067e-06,2.6148471980569354e-05,-3.333940029590642e-05,-0.022192435786237974,-0.013303871081568275,0.8,0.19999999999999996,0.0,0.0,0.0,0.0
