horizon_years,start,end,v17_return,v12_return,spy_return,v17_sharpe,v12_sharpe,spy_sharpe,v17_beats_spy_return,v17_beats_v12_return,v17_beats_spy_sharpe,v17_beats_v12_sharpe
1,2008-11-19,2009-11-18,0.5524523742085228,0.4973306643601678,0.40068071425119434,1.6910219199693006,1.6325667381805153,1.2116880444122338,True,True,True,True
1,2008-12-19,2009-12-18,0.4141218043653119,0.3641830068310845,0.27311896477395137,1.4757321094371556,1.4118808368986113,1.0292506532193861,True,True,True,True
1,2009-01-22,2010-01-21,0.501948714856886,0.45107093549814326,0.359736666321393,1.7240748861407476,1.6928913837871913,1.3406132238407764,True,True,True,True
1,2009-02-23,2010-02-22,0.5551119645545564,0.5110002545001053,0.4690438115854303,1.8415714713467162,1.863808589685311,1.720330009851319,True,True,True,False
1,2009-03-24,2010-03-23,0.508905742972239,0.4482216066685296,0.45664694587713384,1.939521924063789,1.9566995237490852,2.028312681433047,True,True,False,False
1,2009-04-23,2010-04-22,0.5196794393419628,0.4602308229218286,0.4602308229218286,2.2246326415421938,2.2849598732740746,2.2849598732740746,True,True,False,False
1,2009-05-22,2010-05-21,0.2859462055731219,0.25086018947148614,0.24760682464569705,1.2637118428868146,1.2309095719109004,1.3150445608036407,True,True,False,True
1,2009-06-23,2010-06-22,0.27633641434229617,0.24596231034128646,0.2507747492599772,1.2689840088124704,1.2458187739624673,1.3019516115107266,True,True,False,True
1,2009-07-23,2010-07-22,0.18376870397546874,0.1675626884188155,0.16752535505048138,0.9002937051044044,0.887919889613081,0.917481851079845,True,True,False,True
1,2009-08-21,2010-08-20,0.08282687996914584,0.07500470038062113,0.08515747982506894,0.47138717464194435,0.454177282021598,0.5257766383011224,False,True,False,True
1,2009-09-22,2010-09-21,0.1144002173779235,0.11576276890061354,0.09189209074636473,0.59219519604239,0.6206218564682185,0.5550327768632456,True,False,True,False
1,2009-10-21,2010-10-20,0.13408253105765033,0.13696514062957266,0.10062024636194966,0.671522667652196,0.7073506800050049,0.6018543577580487,True,False,True,False
1,2009-11-19,2010-11-18,0.136814214605395,0.13570313154029479,0.09939857939511132,0.6959906050357362,0.7147228899099651,0.6096489512228661,True,True,True,False
1,2009-12-21,2010-12-20,0.205200936809808,0.19082937100332287,0.15276262116794093,0.9633554428237425,0.9450158721056285,0.8729170833603496,True,True,True,True
1,2010-01-22,2011-01-20,0.23209342605750316,0.20776003186907044,0.16915206660231075,1.0786333862457327,1.0237548645074945,0.9640908217341372,True,True,True,True
1,2010-02-23,2011-02-18,0.32446880041194115,0.27474467901279764,0.23399544324354227,1.4621742239537339,1.3178985371130343,1.3070087919892728,True,True,True,True
1,2010-03-24,2011-03-22,0.17787058919169163,0.16013918003588512,0.1230534908380736,0.8674158551658113,0.8253546332626791,0.736408900558517,True,True,True,True
1,2010-04-23,2011-04-20,0.17528657251564606,0.1587010486925231,0.12166133164438508,0.858000747305897,0.8203163990020075,0.7306523804483993,True,True,True,True
1,2010-05-24,2011-05-20,0.31363921935837036,0.2867488564571783,0.24886406120560456,1.6189128511291795,1.591068146084359,1.501149493480782,True,True,True,True
1,2010-06-23,2011-06-21,0.28491194222062055,0.2568706359633701,0.20514019161410135,1.4817508336471965,1.4362121218720394,1.3676867999911835,True,True,True,True
1,2010-07-23,2011-07-21,0.3473052060849351,0.31507012233890874,0.2533195966679671,1.8182353120790462,1.7877104108064228,1.7459881565371718,True,True,True,True
1,2010-08-23,2011-08-19,0.1887809649473675,0.16372762663349905,0.06853869853807826,1.0321284832773627,0.964009495570525,0.4528263491256334,True,True,True,True
1,2010-09-22,2011-09-20,0.16155935300696833,0.13707970511505496,0.0752682045526969,0.8843034388706347,0.8073917089565729,0.47409640514726736,True,True,True,True
1,2010-10-21,2011-10-19,0.10944315850903763,0.0877197109066914,0.04808871008666582,0.5545463839996921,0.47985466301255403,0.32749201808943496,True,True,True,True
1,2010-11-19,2011-11-17,0.10670517713531669,0.088554307826054,0.03815982737382617,0.5070462383310111,0.4505533032930288,0.2775616951397217,True,True,True,True
1,2010-12-21,2011-12-19,0.02318167331913723,0.017348570118479678,-0.01433684420722059,0.22185466790486183,0.20062188032136055,0.04772361676364703,True,True,True,True
1,2011-01-21,2012-01-20,0.1249040078601289,0.11799228872140821,0.05182913784385468,0.5443555511698587,0.5271290812956337,0.33256141917011794,True,True,True,True
1,2011-02-22,2012-02-21,0.0958429537284915,0.10085128678437116,0.03570254603182055,0.4564704245140295,0.4743684671070794,0.2658008289794274,True,False,True,False
1,2011-03-23,2012-03-21,0.18398952507069044,0.17690506269476836,0.10725543450217989,0.7278261850024658,0.7092056167755242,0.5623028214172113,True,True,True,True
1,2011-04-21,2012-04-20,0.12434780037812865,0.12478838340082032,0.05822303740780033,0.5462187087455379,0.549966845962794,0.3605587141654101,True,False,True,False
1,2011-05-23,2012-05-21,0.06911844640077813,0.07192217243438925,0.008485466171522127,0.3728299317746588,0.3826962647353256,0.14971911257400108,True,False,True,False
1,2011-06-22,2012-06-20,0.09890160803852721,0.1014363259330946,0.06881713467534967,0.46636545552159336,0.476582742129639,0.4021851236757391,True,False,True,False
1,2011-07-22,2012-07-20,0.05235462552542436,0.0573319928283178,0.0362810180986648,0.31864550954525267,0.3353062584996314,0.2674864035877797,True,False,True,False
1,2011-08-22,2012-08-20,0.2786317293119547,0.27927163004278044,0.28915950485511055,1.0156668989824835,1.027694128518129,1.3984570651905908,False,False,False,False
1,2011-09-21,2012-09-19,0.23824081428533184,0.22883010187942765,0.24029014603599075,0.9264490921801617,0.9097626549727034,1.2693289026589052,False,True,False,True
1,2011-10-20,2012-10-18,0.23667084614594436,0.2279284485035613,0.22960854021866228,1.0552621147385945,1.0486472499343729,1.363458810086266,True,True,False,True
1,2011-11-18,2012-11-20,0.13004312556843356,0.13823253431927895,0.16428184193463968,0.7530610062419155,0.8309332655542198,1.1158813656056836,False,False,False,False
1,2011-12-20,2012-12-20,0.20252053075804977,0.2090663771483683,0.22448533072984045,1.3008663867146877,1.4581391707378542,1.6172601714642516,False,False,False,False
1,2012-01-23,2013-01-23,0.10409488407398615,0.10948958574399237,0.15712167041077962,0.7692529741418276,0.8881741957599583,1.1971787777724507,False,False,False,False
1,2012-02-22,2013-02-22,0.08764995305784118,0.09084076406041719,0.13767222629254228,0.655821873879689,0.7495372231019519,1.0607654720490636,False,False,False,False
1,2012-03-22,2013-03-25,0.08683091633326612,0.08320349125238291,0.12970707368312073,0.6423254741330213,0.6910084220578676,1.0024918966277734,False,True,False,False
1,2012-04-23,2013-04-24,0.13151604595371302,0.12176692977841652,0.16992609960043636,0.9294167362617279,0.966395532358122,1.270353771783066,False,True,False,False
1,2012-05-22,2013-05-23,0.24596947151713922,0.2288222401444271,0.28157745816095203,1.6466257480099313,1.7370811680744258,2.0306882008327185,False,True,False,False
1,2012-06-21,2013-06-24,0.17294464695002376,0.1654773615450409,0.18519872229035506,1.1877705103999459,1.2813513455413954,1.401210288920981,False,True,False,False
1,2012-07-23,2013-07-24,0.2685301213718696,0.24144583925994967,0.26245268336489014,1.8043892526637182,1.8828836641549989,2.001647118097799,True,True,False,False
1,2012-08-21,2013-08-22,0.19314896244142132,0.17411218584935928,0.19397965881503665,1.3666568344888905,1.4417260910627225,1.567884830348388,False,True,False,False
1,2012-09-20,2013-09-23,0.18169395003127575,0.17021339682287073,0.19001489731460874,1.3021166497426644,1.418460143953643,1.5452943209199244,False,True,False,False
1,2012-10-19,2013-10-22,0.22393206665347543,0.2087878694119134,0.22924209908963888,1.5463204886838269,1.6634255530558224,1.7849540744904973,False,True,False,False
1,2012-11-21,2013-11-20,0.34382365415266314,0.3026769046534321,0.31026051026852586,2.3538885205859073,2.4045483271550454,2.4476212967330953,True,True,False,False
1,2012-12-21,2013-12-20,0.3232738450783361,0.28541877398990345,0.28541877398990345,2.2126722125883647,2.274903948212144,2.274903948212144,True,True,False,False
1,2013-01-24,2014-01-23,0.2772554635546163,0.24845135810446162,0.24845135810446162,1.977910520194898,2.0678669188572067,2.0678669188572067,True,True,False,False
1,2013-02-25,2014-02-24,0.2684760801722812,0.25164626710080307,0.2419772233870976,1.8237185304559629,1.9395110009449938,1.9357285250604073,True,True,False,False
1,2013-03-26,2014-03-25,0.24434228910128275,0.2361758861452421,0.22662635206749226,1.714806580285383,1.8530307958489463,1.8469104196454693,True,True,False,False
1,2013-04-25,2014-04-24,0.2277221548777726,0.2231328185750765,0.21368404298941135,1.6349164610825755,1.7803485178294949,1.7722767814187723,True,True,False,False
1,2013-05-24,2014-05-23,0.1845460367242131,0.18282902834770676,0.17369160199846712,1.364169031760019,1.4979851955918306,1.4798564855899834,True,True,False,False
1,2013-06-25,2014-06-24,0.2895299498540269,0.2738551327905907,0.26401452423557914,2.2067861970408797,2.3187438755706307,2.3403917219654358,True,True,False,False
1,2013-07-25,2014-07-24,0.21249984632211705,0.21131395933833153,0.20195648516074827,1.7086921301994573,1.8602037522601969,1.8626237160274455,True,True,False,False
1,2013-08-23,2014-08-22,0.23846107499101588,0.2333851330701462,0.22307828667584584,1.8749688297053526,1.9912998809662916,2.0101088611952194,True,True,False,False
1,2013-09-24,2014-09-23,0.20050664997840517,0.19791765111632764,0.1879071905618488,1.6544205262337324,1.7530740871681978,1.7614827494445917,True,True,False,False
1,2013-10-23,2014-10-22,0.11445420573193021,0.11455298281170045,0.11987683636660784,0.9606254448245601,1.0152296645037038,1.1044758423112597,False,False,False,False
1,2013-11-21,2014-11-20,0.18854835985988738,0.19381397030371517,0.17430523799389452,1.4809152400779733,1.5954867023723347,1.5522177561821293,True,False,False,False
1,2013-12-23,2014-12-22,0.18918031445057482,0.1885349359054609,0.16503660284539134,1.43249879580093,1.4979535150938579,1.4166028830157833,True,True,True,False
1,2014-01-24,2015-01-23,0.1710481385656608,0.1718711877157515,0.14325244146255223,1.2770318791590973,1.3269199672760692,1.2011039323847694,True,False,True,False
1,2014-02-25,2015-02-24,0.20353708337847554,0.1976584038286857,0.1678591543801209,1.5541970363341417,1.5583357672786382,1.4120508391796043,True,True,True,False
1,2014-03-26,2015-03-25,0.16131775171451213,0.15476418967047123,0.12603220229222334,1.239413981241931,1.2244998260647664,1.064425108605544,True,True,True,True
1,2014-04-25,2015-04-24,0.18938582253545855,0.17820787191499576,0.1488925761969344,1.462867349864596,1.4192200055417228,1.266152960907924,True,True,True,True
1,2014-05-27,2015-05-26,0.16660697029887017,0.15739100964119146,0.12859366367378633,1.2885006481484729,1.258310197964014,1.098378638738237,True,True,True,True
1,2014-06-25,2015-06-24,0.1377532606725591,0.1305404995363999,0.10241122807661651,1.0716424297961722,1.052146787621836,0.8839213601477004,True,True,True,True
1,2014-07-25,2015-07-24,0.09859004049053821,0.09490071660778798,0.06765820783291199,0.7744181142443002,0.7738921589784798,0.5968058145412158,True,True,True,True
1,2014-08-25,2015-08-24,0.0133587661389456,0.01079052111714729,-0.029939012948722254,0.16299516782882228,0.145028542057637,-0.16389418516783208,True,True,True,True
1,2014-09-24,2015-09-23,0.023367340582278073,0.020631287773636098,-0.0025246032325251244,0.23132656901336623,0.2150135241564038,0.05663621952553991,True,True,True,True
1,2014-10-23,2015-10-22,0.1301595966730431,0.12703153214813523,0.08674875524880132,0.9396950362048277,0.945994214346938,0.6301427659529782,True,True,True,False
1,2014-11-21,2015-11-20,0.060399018069517085,0.057464037416839364,0.038706906348482395,0.4794531884308262,0.47034712824275593,0.3237606013700248,True,True,True,True
1,2014-12-23,2015-12-22,0.004606614181465352,0.00652771391771001,0.0011053255537212259,0.09920833146893503,0.11220677562091032,0.08056095866405141,True,False,True,False
1,2015-01-26,2016-01-25,-0.03427012752108871,-0.03242337141067286,-0.06565850561835218,-0.18873582516343101,-0.18244477660199995,-0.3492274775121066,True,False,True,False
1,2015-02-25,2016-02-24,-0.05875333125485971,-0.056953394143612446,-0.06903909278475306,-0.31271352299342353,-0.3090232648872118,-0.35338895847270235,True,False,True,False
1,2015-03-26,2016-03-24,0.049215415768185,0.051221820494218306,0.008236197153089764,0.3692525396271864,0.3848068210598857,0.12529120989927628,True,False,True,False
1,2015-04-27,2016-04-25,0.04824880341231652,0.052395988327980314,0.006670904775585962,0.3596480223345211,0.38714732120488493,0.11504556339858535,True,False,True,False
1,2015-05-27,2016-05-24,0.049911392202004246,0.053390998017258884,0.007622682733005481,0.36834794038178165,0.391130726212069,0.11963322503479178,True,False,True,False
1,2015-06-25,2016-06-23,0.0658429955234876,0.06966218211620223,0.023186907416792968,0.4605293105051886,0.48513290252540053,0.21043407179037327,True,False,True,False
1,2015-07-27,2016-07-25,0.12174402375473092,0.12249806781953265,0.06417026977073514,0.7506669093693203,0.7559960474294561,0.4383818563170671,True,False,True,False
1,2015-08-25,2016-08-23,0.22710331263421146,0.22481259931118136,0.18056870202608644,1.3362485876324173,1.325777548982426,1.1085515671545496,True,True,True,True
1,2015-09-24,2016-09-22,0.21575263940821343,0.21071066949665251,0.1459523341848752,1.275103054137988,1.254278337632218,0.9881546924858364,True,True,True,True
1,2015-10-23,2016-10-21,0.12501357135255997,0.1247825251597412,0.0649297955355812,0.8114821364499366,0.8158886469028757,0.4991881417125893,True,True,True,False
1,2015-11-23,2016-11-21,0.13650607837666784,0.13171660115439376,0.07443705642107434,0.8850497793292773,0.8678498048460183,0.5652075557191725,True,True,True,True
1,2015-12-23,2016-12-21,0.21884075597258845,0.2044694339577,0.13325899888729098,1.3601986839454545,1.3053157270895996,0.9911929047818636,True,True,True,True
1,2016-01-26,2017-01-24,0.28950014475570995,0.27245347060121605,0.23900890701783228,1.7607499621467133,1.7098718906968438,1.8535689294401463,True,True,False,True
1,2016-02-25,2017-02-23,0.3262418825676112,0.3017086794725612,0.25008928296110877,2.324397663026592,2.2589033531628004,2.1720426915310886,True,True,True,True
1,2016-03-28,2017-03-24,0.21056136151679206,0.18884205846956448,0.17511876787000058,1.7136393285867935,1.6323701233208883,1.622835811727167,True,True,True,True
1,2016-04-26,2017-04-25,0.19919346665071913,0.1776211178078999,0.16713951236899116,1.6867398216812448,1.6063594788463413,1.575320202010673,True,True,True,True
1,2016-05-25,2017-05-24,0.21451135683219613,0.19201861341163529,0.18140886075632245,1.835887287199845,1.765372164944542,1.741917911082451,True,True,True,True
1,2016-06-24,2017-06-23,0.21094034910453452,0.18732258318413342,0.17675462829826505,1.8202897480721407,1.7420201536175577,1.7183145579666883,True,True,True,True
1,2016-07-26,2017-07-25,0.18820801309678958,0.16523786196385948,0.16523786196385948,1.9137550922152453,1.8677983063898012,1.8677983063898012,True,True,True,True
1,2016-08-24,2017-08-23,0.16003504719217543,0.1395654540932616,0.1395654540932616,1.587863450545708,1.5253951847237515,1.5253951847237515,True,True,True,True
1,2016-09-23,2017-09-22,0.19201190973145077,0.17178117645498947,0.17178117645498947,2.0301681478044196,2.014984105683322,2.014984105683322,True,True,True,True
1,2016-10-24,2017-10-23,0.2492713458738447,0.2211065400460046,0.2211065400460046,2.7099534637542924,2.6654510653792136,2.6654510653792136,True,True,True,True
1,2016-11-22,2017-11-21,0.22810131591572058,0.20486438127172768,0.20486438127172768,2.66045374630449,2.626995001414693,2.626995001414693,True,True,True,True
1,2016-12-22,2017-12-21,0.22439213705474326,0.20822972959855757,0.20822972959855757,2.6803925636981587,2.68257549567664,2.68257549567664,True,True,False,False
1,2017-01-25,2018-01-24,0.28536944498791317,0.2683885607154355,0.2683885607154355,3.3571345202423926,3.3626048746253474,3.3626048746253474,True,True,False,False
1,2017-02-24,2018-02-23,0.20045618984228963,0.18444723601563373,0.18444723601563373,1.7210329599535743,1.6403118866127893,1.6403118866127893,True,True,True,True
1,2017-03-27,2018-03-26,0.16758964315916747,0.15526870898123435,0.15526870898123435,1.2667537282534884,1.2377278627218715,1.2377278627218715,True,True,True,True
1,2017-04-26,2018-04-25,0.13596242491059596,0.12623266668795985,0.12623266668795985,0.9546656270501944,0.9357236721020032,0.9357236721020032,True,True,True,True
1,2017-05-25,2018-05-24,0.16478142125427464,0.15542953119625857,0.15542953119625857,1.137498732689862,1.1318583204705188,1.1318583204705188,True,True,True,True
1,2017-06-26,2018-06-25,0.14351553434380926,0.13547238373349124,0.13547238373349124,0.9756179569274658,0.9667994446883528,0.9667994446883528,True,True,True,True
1,2017-07-26,2018-07-25,0.17640121310282297,0.16935052195413358,0.16935052195413358,1.1833771119554155,1.192335124510236,1.192335124510236,True,True,False,False
1,2017-08-24,2018-08-23,0.19890200421815418,0.19043994204697356,0.19043994204697356,1.331881206516951,1.339819130406293,1.339819130406293,True,True,False,False
1,2017-09-25,2018-09-24,0.19422616086717692,0.18799368110538883,0.18799368110538883,1.2934410462550137,1.312813165310096,1.312813165310096,True,True,False,False
1,2017-10-24,2018-10-23,0.08477219690709648,0.08783443186528861,0.08783443186528861,0.5184138986360364,0.5629062468746587,0.5629062468746587,False,False,False,False
1,2017-11-22,2018-11-21,0.03572448662536298,0.03897759862158279,0.03795733689350378,0.18380472624612404,0.20671240777581815,0.20027403342185437,False,False,False,False
1,2017-12-22,2018-12-24,-0.046841275714606945,-0.047222593903705645,-0.1075894923741626,-0.3275405144169977,-0.3534102336730248,-0.7427864339471479,True,True,True,True
1,2018-01-25,2019-01-25,0.028982831631966244,0.030071313009022882,-0.043617267459017284,0.13408042673194756,0.1388936313659759,-0.28112366027048213,True,False,True,False
1,2018-02-26,2019-02-26,0.1090428873951732,0.11632820904667573,0.03609497960080721,0.5920310332441124,0.6539799992054542,0.16910480776790032,True,False,True,False
1,2018-03-27,2019-03-27,0.158743822931529,0.15857935744471408,0.07530943497586273,0.9048731899003682,0.9274962133343404,0.4039566383694959,True,True,True,False
1,2018-04-26,2019-04-26,0.22647179472623735,0.22241104782257848,0.13455338617585832,1.3497770341458075,1.354678706166361,0.7740196474148878,True,True,True,False
1,2018-05-25,2019-05-28,0.12607332442482355,0.12793335105671177,0.046866031766928495,0.724443192534544,0.7547284515989443,0.22743013445101634,True,False,True,False
1,2018-06-26,2019-06-26,0.19029289804637672,0.1922168439541838,0.09304510425686474,1.0779430056485515,1.1204115291886754,0.5063188879209916,True,False,True,False
1,2018-07-26,2019-07-26,0.19134985096464785,0.18279956157888821,0.08441117625297823,1.0795088087096034,1.0672134673555185,0.4543784579591954,True,True,True,True
1,2018-08-24,2019-08-26,0.12121875062641707,0.11577900402008279,0.027665134135705927,0.6237469434727896,0.6089150575460343,0.10782640292574416,True,True,True,True
1,2018-09-25,2019-09-25,0.14325668655898793,0.13731878851097878,0.04300153789867056,0.7340429578672606,0.7208601565130559,0.1980152316759898,True,True,True,True
1,2018-10-24,2019-10-24,0.2348726433933579,0.2208644334987513,0.11961878636694623,1.2211555487186643,1.1740943171305234,0.6359063193773067,True,True,True,True
1,2018-11-23,2019-11-22,0.324785944401742,0.3035931306254773,0.19666194161839412,1.7655473886387756,1.7018677463666485,1.1163018576668022,True,True,True,True
1,2018-12-26,2019-12-24,0.45478986691418744,0.426550771278853,0.3967437689504425,2.536054768207588,2.47442288572903,2.3931434545689885,True,True,True,True
1,2019-01-28,2020-01-27,0.2844256506235099,0.25562675432863147,0.24022037537658192,1.7620370369750693,1.6670105899843026,1.7102000849434593,True,True,True,True
1,2019-02-27,2020-02-26,0.17872728189782539,0.15002622049661385,0.13632564298144434,1.078615972203298,0.9463104037071504,0.9093865654221257,True,True,True,True
1,2019-03-28,2020-03-26,0.06031710372461885,0.03792438141137766,-0.04689041231385427,0.30090033531557997,0.19656370047658797,-0.08404270279476371,True,True,True,True
1,2019-04-29,2020-04-27,0.2531632511004105,0.2281909558700541,-0.0016866332811511509,0.9118244434986947,0.8443921323990403,0.10013536066223773,True,True,True,True
1,2019-05-29,2020-05-27,0.4442902803466877,0.40849615697499764,0.10559331355331114,1.3679646789427231,1.289383441295846,0.4312544104155004,True,True,True,True
1,2019-06-27,2020-06-25,0.41473357068142036,0.37972074283254753,0.07923530723284666,1.2362056069387026,1.1608075477259658,0.35985176843364775,True,True,True,True
1,2019-07-29,2020-07-27,0.44952975518751614,0.4253169040900653,0.09159412653796606,1.30090819571645,1.252695542041324,0.3995305566669319,True,True,True,True
1,2019-08-27,2020-08-25,0.643786550774031,0.598609958063941,0.2187136092463582,1.7459613488049466,1.6639836085031658,0.7487165018463355,True,True,True,True
1,2019-09-26,2020-09-24,0.4765524478902021,0.4471067338810446,0.10797615463630361,1.3720242377971483,1.3206855835941873,0.45462306217239,True,True,True,True
1,2019-10-25,2020-10-23,0.5760877990657471,0.5326105810184025,0.17344210924753112,1.575504508097352,1.5058482308278403,0.6330923775320743,True,True,True,True
1,2019-11-25,2020-11-23,0.572214401606397,0.5304218999100445,0.17176634724505813,1.5436112409878247,1.4830380904415201,0.6274277590072106,True,True,True,True
1,2019-12-26,2020-12-23,0.5572178306544415,0.5224026229006093,0.1656263939880842,1.515643971711699,1.4683533510476434,0.6149558772158631,True,True,True,True
1,2020-01-28,2021-01-26,0.6264530649826359,0.578429075217352,0.2085230039909549,1.6519412157660291,1.5853273652950328,0.7263677044447051,True,True,True,True
1,2020-02-27,2021-02-25,0.6700147793544713,0.6329995331416458,0.2503048330102575,1.7378048540877566,1.7017224550097068,0.8333183914058191,True,True,True,True
1,2020-03-27,2021-03-26,0.9284189464538042,0.869655474413634,0.5403143995763484,2.386132268164249,2.351807326128097,2.1226522594543646,True,True,True,True
1,2020-04-28,2021-04-27,0.6590464455633127,0.5878346565470876,0.4778460666959421,2.2389354105868544,2.1660591456115323,2.277905883831993,True,True,False,True
1,2020-05-28,2021-05-26,0.5216644660211944,0.4554898448503173,0.40279547681076466,2.055375408301648,1.995028460124494,2.0761799864668884,True,True,False,True
1,2020-06-26,2021-06-25,0.5083165047970668,0.43877827092733046,0.4087005149675036,2.3475618124941136,2.34691966444256,2.312348951729291,True,True,True,True
1,2020-07-28,2021-07-27,0.44695513494653527,0.3784688362070394,0.3784688362070394,2.2265148004098396,2.223590675771863,2.223590675771863,True,True,True,True
1,2020-08-26,2021-08-25,0.3798016909520583,0.3239458481552635,0.3239458481552635,1.9621182438448828,1.9627774861143936,1.9627774861143936,True,True,False,False
1,2020-09-25,2021-09-24,0.4604084528385408,0.3915400608359294,0.3915400608359294,2.4850851002629595,2.4950373560581216,2.4950373560581216,True,True,False,False
1,2020-10-26,2021-10-25,0.403704541182506,0.33601464468808206,0.33601464468808206,2.269914440902028,2.2331931370910536,2.2331931370910536,True,True,True,True
1,2020-11-24,2021-11-23,0.3999638373229497,0.3282192740157097,0.3282192740157097,2.4820419473553956,2.434976070455021,2.434976070455021,True,True,True,True
1,2020-12-24,2021-12-23,0.39076506144041034,0.3318341404771159,0.29736659393641074,2.218717742624041,2.1827306144914194,2.073110233251445,True,True,True,True
1,2021-01-27,2022-01-25,0.22795306329532172,0.19056020895633097,0.14714148329273713,1.3819835942644012,1.30759910279724,1.088547521222047,True,True,True,True
1,2021-02-26,2022-02-24,0.22309608186916874,0.1801765250568821,0.13516902633955374,1.3580595527728512,1.2383512883173378,0.9726218739301541,True,True,True,True
1,2021-03-29,2022-03-25,0.21627044306350962,0.18046868337781552,0.15825847143682092,1.3504735509879842,1.2512351070517513,1.0597531521724037,True,True,True,True
1,2021-04-28,2022-04-26,0.0645673897400425,0.050420988502799746,0.009713652979784104,0.4668750263738907,0.40158372758970157,0.12982319129801426,True,True,True,True
1,2021-05-27,2022-05-25,0.07819919114878737,0.06450004886608074,-0.03930323067979513,0.5012552709903044,0.44149681375737104,-0.14873752377515667,True,True,True,True
1,2021-06-28,2022-06-27,0.18562111482358246,0.16289809703603897,-0.07617013077175472,0.9569133652068311,0.8880944457077395,-0.31971723813326813,True,True,True,True
1,2021-07-28,2022-07-27,0.18814710149834513,0.165135470551508,-0.07350188790607182,0.9502561101629171,0.8815144502529254,-0.29993824244337025,True,True,True,True
1,2021-08-26,2022-08-25,0.22317101517126603,0.19191781833812804,-0.05220496983181511,1.061582151598788,0.9718927411478541,-0.1902709737213401,True,True,True,True
1,2021-09-27,2022-09-26,0.16945675903839374,0.15353050394905443,-0.1668971427330267,0.7876559763986909,0.7557135717319209,-0.7757004889757709,True,True,True,True
1,2021-10-26,2022-10-25,0.054610376477185696,0.049477352567587785,-0.1422574907066998,0.29076991816824566,0.27150324429946243,-0.6107539000647849,True,True,True,True
1,2021-11-24,2022-11-23,0.12384229470286123,0.11558753170871428,-0.12747073470092696,0.5400007453002564,0.5249119435987831,-0.5142570751392462,True,True,True,True
1,2021-12-27,2022-12-23,0.03972865702916195,0.029840733673688558,-0.1731364478996511,0.19657044304348611,0.1515066623483183,-0.7508952228346623,True,True,True,True
1,2022-01-26,2023-01-26,0.17490536948664337,0.16188570358232823,-0.05329161611171418,0.7017613608888799,0.6815851859060393,-0.20414178115004597,True,True,True,True
1,2022-02-25,2023-02-27,0.16495587105298437,0.15617763811410512,-0.056309807837694015,0.6531816289818232,0.6448740726392889,-0.24096979377029984,True,True,True,True
1,2022-03-28,2023-03-28,0.12563902739252608,0.11775653791379725,-0.11130704075042885,0.4888156474862234,0.47272218290185786,-0.5246162018420315,True,True,True,True
1,2022-04-27,2023-04-27,0.2612812919359766,0.24195868604939297,0.007924140800894985,0.9690297949699485,0.9427584002957806,-0.004828122582334469,True,True,True,True
1,2022-05-26,2023-05-26,0.26583099075467365,0.24632836455188523,0.07490765495070306,1.0258468260551175,1.0074836662135738,0.26403622406330296,True,True,True,True
1,2022-06-28,2023-06-28,0.17521544238743325,0.16490047045858436,0.141347263791608,0.6980426980402782,0.6902560054273672,0.5607486253859643,True,True,True,True
1,2022-07-28,2023-07-28,0.19424031115146967,0.1829762664317236,0.15794315011927962,0.7740402199801754,0.7681063846197966,0.6368711959335563,True,True,True,True
1,2022-08-26,2023-08-28,0.09476572772767877,0.09584590069082899,0.07265656150378508,0.321688596667514,0.3373955198889204,0.21661375961719348,True,False,True,False
1,2022-09-27,2023-09-27,0.11297674722378859,0.10220708199293393,0.18788111492352155,0.4137923696387525,0.37124230317811135,0.7976212009729611,False,True,False,True
1,2022-10-26,2023-10-26,0.16580075156424212,0.15451993743084014,0.08865328304505349,0.6997268378123095,0.6769780719280819,0.2960953461300804,True,True,True,True
1,2022-11-25,2023-11-27,0.14571594500152085,0.144866336629637,0.14714585916593803,0.6475259827847989,0.6726636762186687,0.6713200997049127,False,True,False,False
1,2022-12-27,2023-12-27,0.27393327167226467,0.2680878873429653,0.2633580449891144,1.4800504551246485,1.5054430277431403,1.4372736492409417,True,True,True,False
1,2023-01-27,2024-01-29,0.25060047885533443,0.2428136073065419,0.23220911922417287,1.379221411887994,1.386095610289584,1.298202174479689,True,True,True,False
1,2023-02-28,2024-02-28,0.31946176893680955,0.30334047332832514,0.29221953094773023,1.8309813217801967,1.8059682095371208,1.7083901069689131,True,True,True,True
1,2023-03-29,2024-03-28,0.36092797016224143,0.3443307964800679,0.3413665371426553,2.174618771665252,2.170577045975568,2.132706109988676,True,True,True,True
1,2023-04-28,2024-04-29,0.26584419849694396,0.2574617583306742,0.25468904586412044,1.5774587844559853,1.5834269048604208,1.5509486329212028,True,True,True,False
1,2023-05-30,2024-05-29,0.2811557851087749,0.27064665529975396,0.2706979587331182,1.715256347953387,1.7097251551949568,1.6861484723956466,True,True,True,True
1,2023-06-29,2024-06-28,0.27443143963565353,0.2644882513666975,0.26453930614929577,1.6998116080567116,1.6946421229875261,1.6703933713978705,True,True,True,True
1,2023-07-31,2024-07-30,0.2092196377337523,0.20274633334838632,0.202794895248825,1.2042849379168228,1.199655268783597,1.1842450187387181,True,True,True,True
1,2023-08-29,2024-08-28,0.30688922355409587,0.2964932875036086,0.2785914110573058,1.6640436828908218,1.64107524426147,1.6070686680476198,True,True,True,True
1,2023-09-28,2024-09-27,0.39884916157742567,0.38479854254392953,0.359459634819129,2.0599669309787174,2.022100372381995,2.097267655417831,True,True,False,True
1,2023-10-27,2024-10-28,0.4566950412657447,0.44145154418864685,0.4269406230651305,2.371546998495124,2.336217976033417,2.5669523698120553,True,True,False,True
1,2023-11-28,2024-11-26,0.3946689293777199,0.37594941865411635,0.33949201445346633,2.020585084451075,1.9757743165239523,2.0349650209647843,True,True,False,True
1,2023-12-28,2024-12-27,0.3066656518669646,0.2917046147853297,0.26470032751846384,1.5372145947933795,1.5036579539196406,1.526508846837109,True,True,True,True
1,2024-01-30,2025-01-30,0.28731753893839285,0.2726769285225856,0.2473811644005499,1.4099790822739828,1.3823057819770976,1.3876463854331478,True,True,True,True
1,2024-02-29,2025-03-03,0.19726006508596106,0.19157823100376414,0.16789438698263193,0.9294541694274149,0.9316259476540102,0.8784732154643274,True,True,True,False
1,2024-04-01,2025-04-01,0.11390173772604495,0.11644822645139374,0.08610656048277243,0.44904897373320385,0.4785417867112714,0.3109914606807456,True,False,True,False
1,2024-04-30,2025-05-01,0.23980204980633402,0.2416550626756362,0.10884585841701666,0.9678810200546646,1.0014426800030654,0.3744170892456296,True,False,True,False
1,2024-05-30,2025-06-02,0.3263647162240313,0.332150290345115,0.14095008455310576,1.262761090884428,1.3178819132983228,0.5158318259309268,True,False,True,False
1,2024-07-01,2025-07-02,0.3468976871508005,0.3501288224369361,0.1542716437534677,1.3359778241683198,1.3844350660449412,0.5755804351388184,True,False,True,False
1,2024-07-31,2025-08-01,0.35841603468870664,0.3584340123659655,0.16137203674690315,1.394497297350202,1.4334113600094553,0.6138424003347933,True,False,True,False
1,2024-08-29,2025-09-02,0.3431680024995645,0.33931416927393965,0.16110449430551843,1.4048633206005565,1.4376250190938658,0.6290631884522148,True,True,True,False
1,2024-09-30,2025-10-01,0.37015548240524976,0.35941788437205213,0.1839234226707256,1.5769705880714817,1.59549408447113,0.7395576038915497,True,True,True,False
1,2024-10-29,2025-10-30,0.3722302331694656,0.3581495685003411,0.18467550104388053,1.564663674203271,1.5789275239904812,0.7392829598348105,True,True,True,False
1,2024-11-27,2025-12-01,0.33546790809887694,0.3276180812874123,0.1463255064882949,1.417335603717992,1.4442410046257776,0.5738748283174766,True,True,True,False
1,2024-12-30,2025-12-31,0.3518786918240473,0.34290296648257734,0.15952316778104647,1.5070096847537537,1.5335427714150165,0.6407101728461475,True,True,True,False
1,2025-01-31,2026-02-02,0.3590678573122794,0.34676674966531684,0.16285933296013066,1.554371850755301,1.5716403473175786,0.6633798681279257,True,True,True,False
1,2025-03-04,2026-03-04,0.38861812482214164,0.37520254826451027,0.18741208777046925,1.676298186622928,1.7023490337906482,0.7765278879191323,True,True,True,False
1,2025-04-02,2026-04-02,0.372194657305571,0.3621344510297182,0.1825021335976027,1.626265532391822,1.6602249061386045,0.7615209231104952,True,True,True,False
1,2025-05-02,2026-05-04,0.3869446139059356,0.37085153649390445,0.3004117719236783,2.0398968605760963,2.12577385801843,1.8505076745983944,True,True,True,False
3,2008-11-19,2011-11-17,0.9531685505223837,0.8511117726943613,0.598668949350224,0.9890085686459489,0.9475361378783174,0.7538813100075962,True,True,True,True
3,2008-12-19,2011-12-19,0.743809470627649,0.6526921035828857,0.44656314563225874,0.8488817081571529,0.8014317762784022,0.6494498709957254,True,True,True,True
3,2009-01-22,2012-01-20,1.0816811426782813,0.9593323314926618,0.6721337317828766,1.0778015545248465,1.0310296770243832,0.8787940727160493,True,True,True,True
3,2009-02-23,2012-02-21,1.257104749129041,1.120393184982586,0.877514708139497,1.1881443645982235,1.1436548169139016,1.0771685793545258,True,True,True,True
3,2009-03-24,2012-03-21,1.1042994876203913,0.977363656463903,0.811350791667315,1.1336947589293582,1.0873962531931116,1.085753643197537,True,True,True,True
3,2009-04-23,2012-04-20,1.0081513276352312,0.9031093099383143,0.7332470569106448,1.0947486882260846,1.0562823782742476,1.0386532882680333,True,True,True,True
3,2009-05-22,2012-05-21,0.8060290440069036,0.7253047417072576,0.571312457052197,0.9555240224341035,0.9200939556323092,0.8810818154903001,True,True,True,True
3,2009-06-23,2012-06-20,0.8021765504470872,0.7248640912409838,0.6110910428590566,0.9587899442466761,0.9251645912838458,0.9311915857007685,True,True,True,True
3,2009-07-23,2012-07-20,0.6783980114734478,0.6234558862131176,0.5163717825866367,0.8601627922341114,0.8367755469271808,0.8279975858541574,True,True,True,True
3,2009-08-21,2012-08-20,0.6459110003374215,0.6003850157561532,0.4948226802933453,0.8349819628456161,0.8173013823764915,0.8056062784506951,True,True,True,True
3,2009-09-22,2012-09-19,0.6028309105385945,0.5590305134463252,0.4561959452412372,0.797961180402584,0.779234867844148,0.761125412734942,True,True,True,True
3,2009-10-21,2012-10-18,0.5559793888008633,0.5185783682337548,0.41841204728234294,0.757782811686294,0.7420802455854462,0.7179523052184642,True,True,True,True
3,2009-11-19,2012-11-20,0.42172779678316763,0.4071678985099194,0.3288547561592188,0.627690401763881,0.6280824803964254,0.6029738957683144,True,True,True,False
3,2009-12-21,2012-12-20,0.4828755795199977,0.46477008159074473,0.39130387717978965,0.6911145730412127,0.6906566933416616,0.6876631603542158,True,True,True,True
3,2010-01-22,2013-01-23,0.5302609717425522,0.49810651128253847,0.4229683031975193,0.7383271251320253,0.7255024721450699,0.729009697942973,True,True,True,True
3,2010-02-23,2013-02-22,0.5786258034096095,0.5307815568701848,0.45400451712929923,0.7903245916623388,0.7626818872944394,0.7743945784026615,True,True,True,True
3,2010-03-24,2013-03-25,0.5156796579388228,0.478977530990198,0.40479874554358175,0.7288566031830761,0.708983166361375,0.710471853994425,True,True,True,True
3,2010-04-23,2013-04-24,0.49522023599031795,0.4619915249909199,0.38866468034003043,0.706857129240752,0.6896584497240167,0.6870291636657206,True,True,True,True
3,2010-05-24,2013-05-23,0.7498842826811634,0.6949079165532464,0.6140971537707587,0.9772662920004954,0.9547405873272279,0.9921624145814197,True,True,False,True
3,2010-06-23,2013-06-24,0.6561882227539904,0.61344370804658,0.5266242355945645,0.8875008815548424,0.8727063049943947,0.8994021491717011,True,True,False,True
3,2010-07-23,2013-07-24,0.7985763824086043,0.7261878742380607,0.6396625714587025,1.02866983935648,0.9961940941291975,1.056533881172939,True,True,False,True
3,2010-08-23,2013-08-22,0.8136020066102161,0.7479286819720155,0.6447270621894818,1.054514839130376,1.0314720811901807,1.0708860007126921,True,True,False,True
3,2010-09-22,2013-09-23,0.6996188266753085,0.6351131653981879,0.5870568922810648,0.9628431235993951,0.9340911759394316,1.0081014488129671,True,True,False,True
3,2010-10-21,2013-10-22,0.6792543900920436,0.6145078196996012,0.5841720231284884,0.9468343857480493,0.9168233753348265,1.0049364453378336,True,True,False,True
3,2010-11-19,2013-11-20,0.680618889645699,0.6140530667309645,0.5837258147412885,0.9506832793629847,0.918132955218161,1.007183545750965,True,True,False,True
3,2010-12-21,2013-12-20,0.628152127958274,0.5811190152868739,0.5514105776954199,0.9015060930542406,0.8843682141235472,0.9683129522178867,True,True,False,True
3,2011-01-21,2014-01-23,0.5863522566440098,0.5485800649499988,0.519483018004046,0.857864560390868,0.8479200870628172,0.9252737268970567,True,True,False,True
3,2011-02-22,2014-02-24,0.5118884420267389,0.5030437490330428,0.4634093690248291,0.7744241899730443,0.7910895966364692,0.8446959676928115,True,True,False,False
3,2011-03-23,2014-03-25,0.6012152034444833,0.5759112280857202,0.5343553754943655,0.8776917312071908,0.8783797509189474,0.9498791450606411,True,True,False,False
3,2011-04-21,2014-04-24,0.5619297055505557,0.5432883371537713,0.5025927310169844,0.8347744674674162,0.8402215854041499,0.9039998749372283,True,True,False,False
3,2011-05-23,2014-05-23,0.5779206811352688,0.5580245313722776,0.5169403404575017,0.8523002431216302,0.8572387009944391,0.9243158442705012,True,True,False,False
3,2011-06-22,2014-06-24,0.6621406071966323,0.6352466913895773,0.6012039265382518,0.9443071378347098,0.9469030436967016,1.0435552178630345,True,True,False,False
3,2011-07-22,2014-07-24,0.6186188381220727,0.5899954177243898,0.5724664853877999,0.9060900260060984,0.9044619388096794,1.0140650663317607,True,True,False,True
3,2011-08-22,2014-08-22,0.8893938891524835,0.8525548424486702,0.8825990673284123,1.1993584430011293,1.2087740208570068,1.5350734397599313,True,True,False,False
3,2011-09-21,2014-09-23,0.7566073559393636,0.7225977331158051,0.7533079525546644,1.102216750364369,1.1098059058157075,1.4260033839170156,True,True,False,False
3,2011-10-20,2014-10-22,0.6868391167032886,0.6543365797049232,0.6926788128219785,1.1269358375695897,1.1448788903269347,1.4014202568296006,False,True,False,False
3,2011-11-18,2014-11-20,0.8049042022270276,0.7701267507021716,0.7914173432248996,1.4082007649188018,1.462919756223049,1.641870999207672,True,True,False,False
3,2011-12-20,2014-12-22,0.8922997840823208,0.8471694389603706,0.8337401559896231,1.6311916123601562,1.7180468726655218,1.7609188837062082,True,True,False,False
3,2012-01-23,2015-01-23,0.651425227638974,0.623210086771985,0.6515540476992352,1.322797871727596,1.4003678060327918,1.4671272940324678,False,True,False,False
3,2012-02-22,2015-02-24,0.6604695040648372,0.6352190336351937,0.6501417658664033,1.325996216830226,1.4060486371900833,1.4538861912904946,True,True,False,False
3,2012-03-22,2015-03-25,0.57055413135029,0.5462639340901307,0.5603748771335955,1.1811379442353993,1.2444194345746922,1.288919386276861,True,True,False,False
3,2012-04-23,2015-04-24,0.6522797011334389,0.6165836119070347,0.6313362804325666,1.326475353052088,1.378853881710264,1.4264473756173548,True,True,False,False
3,2012-05-22,2015-05-26,0.7218047929004519,0.6822523423649789,0.697604292613889,1.4400493491976436,1.4996570021072162,1.5500187333324502,True,True,False,False
3,2012-06-21,2015-06-24,0.7209055676146836,0.6784561829143054,0.6515315200221801,1.4571986233231553,1.5108471353236452,1.4978903744845307,True,True,False,False
3,2012-07-23,2015-07-24,0.689733186684526,0.6464905385230448,0.6200786469550215,1.4197815908972382,1.4714614695715797,1.457811480616656,True,True,False,False
3,2012-08-21,2015-08-24,0.4974083751951859,0.46375861906213567,0.41660973882333296,1.0913970803009327,1.119368139733238,1.0372992148513354,True,True,True,False
3,2012-09-20,2015-09-23,0.45178108939372286,0.4307406206740503,0.41005840546223293,1.0119161481962207,1.0497187906553513,0.9801962141431709,True,True,True,False
3,2012-10-19,2015-10-22,0.5415560427634758,0.518402389313271,0.4960180681106654,1.153248194630626,1.195429866034435,1.1222201029573402,True,True,True,False
3,2012-11-21,2015-11-20,0.6936686755103654,0.6445193087513812,0.5982019984681808,1.4004263168706017,1.4124982887778104,1.3058015559525071,True,True,True,False
3,2012-12-21,2015-12-22,0.5808602268976488,0.5377379337935988,0.4992152129325531,1.2153316743754539,1.2171191150689906,1.118364150896934,True,True,True,False
3,2013-01-24,2016-01-25,0.4444688563463821,0.4155879995915748,0.3335810022739887,0.9911496360026747,0.9941195332768763,0.7952267317432322,True,True,True,False
3,2013-02-25,2016-02-24,0.4369617585694008,0.41366898846110556,0.350316409139213,0.9320720998018962,0.9343234846409073,0.8096370982138485,True,True,True,False
3,2013-03-26,2016-03-24,0.5161968445566756,0.5006103662751642,0.39259677920337976,1.0474382551767352,1.065350991166893,0.8836120342367655,True,True,True,False
3,2013-04-25,2016-04-25,0.5306899321571197,0.5166128210819838,0.40369444700580326,1.0738234686099195,1.0930770872834905,0.9091933573681513,True,True,True,False
3,2013-05-24,2016-05-24,0.45087219915028665,0.4420877291677576,0.334718070023859,0.9447460087328816,0.9651640390460741,0.7806806567528071,True,True,True,False
3,2013-06-25,2016-06-23,0.5637695691514044,0.5404684487585933,0.42577392018050975,1.1443304460575545,1.1450054342097953,0.959101035375034,True,True,True,False
3,2013-07-25,2016-07-25,0.4942081957451241,0.4887338534857042,0.3656270476488237,1.0133808828184023,1.0338007348539553,0.8346781498517839,True,True,True,False
3,2013-08-23,2016-08-23,0.5400212675946019,0.5269665203931904,0.40069816792352,1.0903520199968564,1.099376325555287,0.9005198625628125,True,True,True,False
3,2013-09-24,2016-09-22,0.493624208896591,0.4802538916707835,0.35784831326297684,1.0142405290140968,1.0179785363163154,0.8187632852058878,True,True,True,False
3,2013-10-23,2016-10-21,0.41696709838755375,0.4128802223100274,0.2960459266490234,0.8933122504676005,0.9086911854075836,0.7064535469908737,True,True,True,False
3,2013-11-21,2016-11-21,0.432378972140804,0.42869639891867695,0.31055422745550887,0.9159724586461122,0.9333092942075224,0.7319632342733455,True,True,True,False
3,2013-12-23,2016-12-21,0.4560983587829206,0.44089877646847775,0.32174756250906134,0.9566756180079121,0.9556517079405223,0.7541161742843884,True,True,True,True
3,2014-01-24,2017-01-24,0.458316564307359,0.4428033990500235,0.3234946874950533,0.962948545316387,0.9603872228884887,0.7583632545177007,True,True,True,True
3,2014-02-25,2017-02-23,0.5024003192901412,0.4702118646056841,0.35913609354922893,1.0553750023125807,1.0269820408239905,0.8348348649825046,True,True,True,True
3,2014-03-26,2017-03-24,0.47503571368585007,0.44315120267095076,0.33411988790141556,1.0097472987986222,0.9796848408944805,0.7869345652502264,True,True,True,True
3,2014-04-25,2017-04-25,0.4951211549111463,0.46018098649745065,0.34986305691069153,1.0498117377556546,1.015564676574823,0.8214413676214476,True,True,True,True
3,2014-05-27,2017-05-24,0.4875747404913946,0.4532915359219325,0.3434941102525051,1.0364324941652083,1.002486341913056,0.8080837196261,True,True,True,True
3,2014-06-25,2017-06-23,0.46846660537167706,0.43582494650463754,0.32734713669055915,1.0027854223515458,0.9699488241397528,0.7751957175349437,True,True,True,True
3,2014-07-25,2017-07-25,0.46427247541900396,0.4321052268038552,0.32390844501289573,0.9936332426790203,0.961177590395469,0.7663354787802091,True,True,True,True
3,2014-08-25,2017-08-23,0.44249882366631765,0.4108150402832069,0.3050572977757484,0.9580669821409691,0.9242005741918473,0.728596718640046,True,True,True,True
3,2014-09-24,2017-09-22,0.48305537974318913,0.4479573324741204,0.3394153235238566,1.0259917038958708,0.9894218849931289,0.7940750594151565,True,True,True,True
3,2014-10-23,2017-10-23,0.5883796615034447,0.5479544771501501,0.413200189376024,1.2233875573985644,1.1870909167152806,0.9527241478205496,True,True,True,True
3,2014-11-21,2017-11-21,0.4800462143446207,0.4419209738937451,0.34465900116715753,1.0472662775126287,1.0053010975094494,0.820056437727524,True,True,True,True
3,2014-12-23,2017-12-21,0.4992136681103998,0.46477540245386484,0.3707506666722322,1.0961464917935706,1.060034216079749,0.8806989559198295,True,True,True,True
3,2015-01-26,2018-01-24,0.6006818944064527,0.5616352256970845,0.4683594461769327,1.2839158583238508,1.249401110442909,1.0779648161169342,True,True,True,True
3,2015-02-25,2018-02-23,0.49855437594831287,0.4539942055453454,0.3784410417435464,1.0641494843521104,1.011298407011716,0.8667143720039994,True,True,True,True
3,2015-03-26,2018-03-26,0.4830018916415071,0.4437817189760227,0.368759221436614,1.0112290319910449,0.9736181503877476,0.8318613065672845,True,True,True,True
3,2015-04-27,2018-04-25,0.4279651064340524,0.39576688076034605,0.32323935391806247,0.8957971477005904,0.8674748298123469,0.7290602713653285,True,True,True,True
3,2015-05-27,2018-05-24,0.48524692939870495,0.4508285826086862,0.3754399124667358,0.9915513712219516,0.9635483511710505,0.824381093315182,True,True,True,True
3,2015-06-25,2018-06-25,0.47590381232130885,0.4420886074405912,0.367154088197575,0.9727305682572048,0.943229949336132,0.8043119577621209,True,True,True,True
3,2015-07-27,2018-07-25,0.5679842824961674,0.5294838783599123,0.45000808295907313,1.1280987086638554,1.0965595963637829,0.9557141071886043,True,True,True,True
3,2015-08-25,2018-08-23,0.7066164408536331,0.6615614607639255,0.6015408872947652,1.363588442534741,1.3337315940139953,1.2441494366535402,True,True,True,True
3,2015-09-24,2018-09-24,0.7306625512363918,0.685392346967697,0.5952442996375997,1.4090115011546578,1.3815266669663988,1.2921338286905775,True,True,True,True
3,2015-10-23,2018-10-23,0.5245900667515362,0.49411807138562636,0.4146119953639391,1.0681499892994317,1.0521123550111044,0.9471704322617792,True,True,True,True
3,2015-11-23,2018-11-21,0.4456068700672804,0.41671351256333744,0.3436886453252208,0.9113134408684168,0.8887826636225795,0.7795565884472239,True,True,True,True
3,2015-12-23,2018-12-24,0.42243597359912566,0.3865538813944154,0.22192167701916898,0.8534847383781091,0.8163513164883567,0.5062786561111182,True,True,True,True
3,2016-01-26,2019-01-25,0.7055226675556101,0.6624994856688327,0.5029982377229636,1.2717467369787878,1.250158113539775,1.0334133716765326,True,True,True,True
3,2016-02-25,2019-02-26,0.7657019431857237,0.7211606906391395,0.5341093615824353,1.4201125291497112,1.4063204179762692,1.1071326937043202,True,True,True,True
3,2016-03-28,2019-03-27,0.6378136038701094,0.5912299988933316,0.45981636959372496,1.2461047498701658,1.2176510064911399,0.9723802412464722,True,True,True,True
3,2016-04-26,2019-04-26,0.6707473656955223,0.621253667012809,0.49133712178119104,1.3056398090842505,1.2771398675320478,1.0285918097037619,True,True,True,True
3,2016-05-25,2019-05-28,0.5929886653310787,0.5534952814964771,0.4290084450981342,1.1634444762630936,1.1463509849156386,0.9029114584978047,True,True,True,True
3,2016-06-24,2019-06-26,0.648233213882307,0.6073133714643433,0.46049668153190604,1.233209383386904,1.2202137004178066,0.9502310012676083,True,True,True,True
3,2016-07-26,2019-07-26,0.6652799584472369,0.6116489752897609,0.47758776530820946,1.2893120947383372,1.262954056309072,0.9988922468244309,True,True,True,True
3,2016-08-24,2019-08-26,0.5593555439963243,0.5136482045105986,0.39411431790542806,1.0568045249723692,1.0247221333798753,0.8068993372117014,True,True,True,True
3,2016-09-23,2019-09-25,0.6274622565009231,0.5832258115110922,0.4519297253577377,1.1659287808520087,1.143477455122878,0.9137787499374906,True,True,True,True
3,2016-10-24,2019-10-24,0.6734683151930814,0.6217496022561375,0.48725875834186194,1.2262070797518463,1.1945364012587318,0.9665009377160027,True,True,True,True
3,2016-11-22,2019-11-22,0.685094078274701,0.6318732102701616,0.4965428208530738,1.249789272382458,1.2157063496398706,0.9859699050549963,True,True,True,True
3,2016-12-22,2019-12-24,0.6977980352117163,0.6422081400800053,0.5060206803544152,1.26584707720269,1.2296136736868832,0.9998706615916678,True,True,True,True
3,2017-01-25,2020-01-27,0.6988110244402219,0.6405148647809285,0.504467827487773,1.2581415978907664,1.2194428509071995,0.9908500910900535,True,True,True,True
3,2017-02-24,2020-02-26,0.5693072881272982,0.5206013105214129,0.39449864138884605,1.0334923624030097,0.9941990590449797,0.7731941479788806,True,True,True,True
3,2017-03-27,2020-03-26,0.4345425453860847,0.38923114346300447,0.1840207272350216,0.717793201617775,0.6672286791525851,0.2967486155035666,True,True,True,True
3,2017-04-26,2020-04-27,0.7459394658062051,0.6908741367536404,0.2756159543740042,0.9801638324667755,0.9404037299547452,0.40986843630879904,True,True,True,True
3,2017-05-25,2020-05-27,0.8943734310077815,0.8356190996079487,0.3373034809475546,1.0742733089856218,1.0381194074424145,0.4811965625851105,True,True,True,True
3,2017-06-26,2020-06-25,0.925619921506253,0.8677683977796877,0.3394632550415757,1.0562221029521282,1.022141549482723,0.47948035220823476,True,True,True,True
3,2017-07-26,2020-07-27,1.0315237937131068,0.9713661930521515,0.38420332766772214,1.1280349978029773,1.0961628301928397,0.5288048499030839,True,True,True,True
3,2017-08-24,2020-08-25,1.2096295084362576,1.1233822805392046,0.49094208320701194,1.2585166878233836,1.2142081939498466,0.642260634444758,True,True,True,True
3,2017-09-25,2020-09-24,1.0159474574601615,0.9552257530055923,0.37287024764371846,1.1009101336599303,1.0723142523017535,0.5145286779310655,True,True,True,True
3,2017-10-24,2020-10-23,1.1112570959145933,1.0354576105099729,0.4292053945758014,1.1631434950158464,1.128872945303924,0.5731849757598398,True,True,True,True
3,2017-11-22,2020-11-23,1.157256199949348,1.072809635419644,0.4554322809641904,1.1821399275888564,1.146369628122107,0.5970544780677828,True,True,True,True
3,2017-12-22,2020-12-23,1.1593093366652005,1.0692273319885954,0.4529169510638209,1.1828693142997533,1.1438433790304146,0.5954778247835285,True,True,True,True
3,2018-01-25,2021-01-26,1.149604853531487,1.0415166464729935,0.43345977297187455,1.174366465549192,1.1232376073291361,0.5767470835090955,True,True,True,True
3,2018-02-26,2021-02-25,1.1831420310853482,1.0964557598437947,0.47203550984663134,1.2058882724089013,1.1749256683769607,0.6209300623575004,True,True,True,True
3,2018-03-27,2021-03-26,1.369324736841179,1.2482939184702788,0.5786493318643025,1.3324786214552873,1.2873539596956889,0.727327599332932,True,True,True,True
3,2018-04-26,2021-04-27,1.5499035895861297,1.3839022198602673,0.6738672891900133,1.4510930563257012,1.3868603682034852,0.8193726632796187,True,True,True,True
3,2018-05-25,2021-05-26,1.474799720135572,1.312321856380564,0.6236068263325956,1.4016829198401692,1.3385981907969033,0.7748095585294055,True,True,True,True
3,2018-06-26,2021-06-25,1.5399255386946722,1.3666842314686458,0.6617776039192491,1.4431364548089443,1.3777851812950455,0.8119959634069088,True,True,True,True
3,2018-07-26,2021-07-27,1.498742565324371,1.3239112745537325,0.6317443865979433,1.4189509884134415,1.3504492874844483,0.7865782290223942,True,True,True,True
3,2018-08-24,2021-08-25,1.5430356454414094,1.3615161547187111,0.6581488164011771,1.44701408575332,1.3774648954931907,0.8126610025412466,True,True,True,True
3,2018-09-25,2021-09-24,1.465284050732349,1.2902267971272252,0.6080926845910577,1.4003402920895631,1.3303503893191488,0.7687238398341179,True,True,True,True
3,2018-10-24,2021-10-25,1.7319848181847552,1.4998300261743274,0.7552665014899351,1.5610695017195435,1.4726747780092746,0.9031773606112706,True,True,True,True
3,2018-11-23,2021-11-23,1.915911235824853,1.649860509776599,0.8624399470858275,1.6785527033907726,1.5838706879112103,1.0030381066102814,True,True,True,True
3,2018-12-26,2021-12-23,2.1506735507535955,1.892456923849704,1.1122184241071835,1.7895981273151764,1.716419246680257,1.2012685150603832,True,True,True,True
3,2019-01-28,2022-01-25,1.5652652149521789,1.3595924423063956,0.7193756372394107,1.4877018342870012,1.4067169197615903,0.9001426466330998,True,True,True,True
3,2019-02-27,2022-02-24,1.4076548298830112,1.2163624044767678,0.6127953028916946,1.386657914989425,1.3058668207695832,0.7986867311367302,True,True,True,True
3,2019-03-28,2022-03-25,1.486951464516629,1.290771490730282,0.7004258519325197,1.43384082740636,1.3563709258685845,0.8728464578381023,True,True,True,True
3,2019-04-29,2022-04-26,1.2132952589100383,1.0484933695094343,0.4896845540853574,1.2548658817474836,1.1789674514603437,0.6731524027681991,True,True,True,True
3,2019-05-29,2022-05-25,1.369585531091725,1.1822802976835245,0.4899650818465271,1.3336655652088039,1.2525449036563745,0.665473608369587,True,True,True,True
3,2019-06-27,2022-06-27,1.5299565793416456,1.3084832285475225,0.40451641065525323,1.4099425812094937,1.3199273760811017,0.5744482046780438,True,True,True,True
3,2019-07-29,2022-07-27,1.492025104109227,1.2892056645529326,0.3941281007695707,1.384137087450723,1.3031850648000836,0.5612185324507937,True,True,True,True
3,2019-08-27,2022-08-25,1.7742735218381243,1.5226619007538802,0.5292775392112912,1.5486469204043654,1.4609040069311798,0.6927825644255761,True,True,True,True
3,2019-09-26,2022-09-26,1.5217810925348525,1.3228724418653117,0.28447232492295993,1.3901157111691342,1.3204733575190726,0.44293313540276913,True,True,True,True
3,2019-10-25,2022-10-25,1.3331795007770713,1.148899522136071,0.34471367558226484,1.2669103681132328,1.191998199724829,0.5002998783808273,True,True,True,True
3,2019-11-25,2022-11-23,1.4736255606177364,1.2676947860684602,0.35797195697283324,1.3238875122209697,1.248922316257272,0.5065809554401517,True,True,True,True
3,2019-12-26,2022-12-23,1.2517654639778764,1.0880924959344815,0.25042006114081516,1.1829464905083606,1.1198528463461275,0.39112859647126796,True,True,True,True
3,2020-01-28,2023-01-26,1.3465304307349673,1.1834328677255628,0.31246620612370024,1.232635476273846,1.176041979932921,0.45155871492268823,True,True,True,True
3,2020-02-27,2023-02-27,1.3795255040040848,1.2282175869923098,0.33938639746879606,1.2506491136960871,1.203927475163973,0.47563659352358784,True,True,True,True
3,2020-03-27,2023-03-28,1.6401626625254981,1.4669666273264523,0.5855012916269158,1.453911033667731,1.4154625318746572,0.8066340491708743,True,True,True,True
3,2020-04-28,2023-04-27,1.227633072660336,1.0714564957649828,0.5040257641503723,1.3065606527030758,1.2564502842674996,0.7443084183496859,True,True,True,True
3,2020-05-28,2023-05-26,1.0767949776548877,0.931022545526184,0.44861121395417425,1.234331441216934,1.18141534416706,0.6783726210416646,True,True,True,True
3,2020-06-26,2023-06-28,1.1016282515865452,0.949056149913333,0.48534888685394484,1.3064487091369208,1.2576928224035238,0.7282499533517274,True,True,True,True
3,2020-07-28,2023-07-28,1.0531326280664581,0.89998165486997,0.47886567491418375,1.2772152120901252,1.2229818220518265,0.7163752748291656,True,True,True,True
3,2020-08-26,2023-08-28,0.8476727222403548,0.7292827989874837,0.34600087694906034,1.080966609742262,1.0312283442038697,0.5344538089336163,True,True,True,True
3,2020-09-25,2023-09-27,0.9008357756544836,0.7692450709034044,0.3771058258187323,1.1421394123818145,1.08225785384827,0.5742630903672077,True,True,True,True
3,2020-10-26,2023-10-26,0.7258064031410723,0.618772160761897,0.24754936450759524,0.9660993958922846,0.9039414877337552,0.38247650035609,True,True,True,True
3,2020-11-24,2023-11-27,0.8025990881824869,0.6963998113676548,0.3294390225213235,1.0541200894672438,1.0012651835346849,0.4971924525419707,True,True,True,True
3,2020-12-24,2023-12-27,0.8421308105355985,0.7392802415837181,0.3552612157769788,1.0869812647491761,1.0420053984442217,0.5254048643679821,True,True,True,True
3,2021-01-27,2024-01-29,0.8042771374758966,0.7191777072884968,0.33818952764534016,1.0431605092847511,1.0107129994159882,0.49339782050306796,True,True,True,True
3,2021-02-26,2024-02-28,0.8800390089703853,0.7783998743232692,0.38428742863277,1.120588606442401,1.0755268621880483,0.5514517868482479,True,True,True,True
3,2021-03-29,2024-03-28,0.8632212776255419,0.7738130133540317,0.3807170651457572,1.107363059291162,1.0703297206711222,0.5412223406887183,True,True,True,True
3,2021-04-28,2024-04-29,0.6996729711503438,0.6404587950829195,0.276915568883227,0.9237111633741791,0.9002124010367973,0.38127966120932727,True,True,True,True
3,2021-05-27,2024-05-29,0.7485444127275467,0.6857880166340837,0.31219934979715336,0.9753953141022934,0.9493090073889505,0.4258864582084158,True,True,True,True
3,2021-06-28,2024-06-28,0.7757421003682241,0.7129523378407334,0.333343766694969,0.9974382986820058,0.9735016750119017,0.4482417180121591,True,True,True,True
3,2021-07-28,2024-07-30,0.715801846766736,0.6577784776853908,0.2903970244549827,0.9209379260714772,0.8954214459788898,0.3757502758755508,True,True,True,True
3,2021-08-26,2024-08-28,0.7500366793177693,0.6934254102663258,0.2998909003269503,0.9313428617725632,0.9084094674756181,0.37839115495324466,True,True,True,True
3,2021-09-27,2024-09-27,0.820711545391621,0.7606737057345483,0.3453581652189064,0.986862647511483,0.9646321926354015,0.4352233884231862,True,True,True,True
3,2021-10-26,2024-10-28,0.7909563985042452,0.7465239921562401,0.3324546063719187,0.9535238685184189,0.9440043256281899,0.4107333909463894,True,True,True,True
3,2021-11-24,2024-11-26,0.7957813433382155,0.7573606857843787,0.34072211509639305,0.9457440557120248,0.9434458987323467,0.41372267658994394,True,True,True,True
3,2021-12-27,2024-12-27,0.7307373639942796,0.6868739478729615,0.32113722634531205,0.883452052892375,0.8702706442676481,0.38096474459002094,True,True,True,True
3,2022-01-26,2025-01-30,0.8915035709468944,0.8377548549303844,0.455123396280223,1.0456596203216637,1.0363787717322823,0.5596627640549403,True,True,True,True
3,2022-02-25,2025-03-03,0.8403260868959299,0.7955810264581407,0.424194529940638,0.9936955347231513,0.9890727522632189,0.5168572961948457,True,True,True,True
3,2022-03-28,2025-04-01,0.7064012619493214,0.6776136637092649,0.29470744191066767,0.8411939370962092,0.844561326615999,0.3268243537635984,True,True,True,False
3,2022-04-27,2025-05-01,0.979450107096735,0.9391120230077663,0.40228126650152585,1.0697223670299008,1.0735957853227633,0.4493829935209787,True,True,True,False
3,2022-05-26,2025-06-02,1.1510010699613367,1.1096504393884974,0.5584042820930779,1.231324500249683,1.2477115311671323,0.6462210974166323,True,True,True,False
3,2022-06-28,2025-07-02,1.0172911042649173,0.9887437503544501,0.665935420075924,1.1393561703205322,1.1616534760260522,0.7862963433359438,True,True,True,False
3,2022-07-28,2025-08-01,0.9616870150650056,0.9328075798689299,0.6175219365708726,1.0892963997928022,1.107362849439319,0.7346944360711435,True,True,True,False
3,2022-08-26,2025-09-02,0.9217208728013313,0.9028397861695678,0.5924425835073712,1.056164241501228,1.0808985832175337,0.7059434727164748,True,True,True,False
3,2022-09-27,2025-10-01,1.1331766963732273,1.0749267712688666,0.9118900262918592,1.2937396529572702,1.2875750606379608,1.0875758329745482,True,True,True,True
3,2022-10-26,2025-10-30,1.3303435762932647,1.2602115238782376,0.8403265680774514,1.4937441837723335,1.4966822317561221,1.0381866729186617,True,True,True,False
3,2022-11-25,2025-12-01,1.1339367323107776,1.091367781977123,0.7614354254594917,1.3532892725367478,1.364458899967349,0.9692640187755622,True,True,True,False
3,2022-12-27,2025-12-31,1.2503438254871169,1.1996683124,0.8526505586975872,1.4973012383515192,1.5049416090568792,1.0970157605386404,True,True,True,False
3,2023-01-27,2026-02-02,1.1879904305727518,1.130181243323018,0.7873548505225607,1.4460950847894372,1.4458992596832843,1.0302072325657459,True,True,True,True
3,2023-02-28,2026-03-04,1.1936540459140437,1.1357337504195373,0.7920137500986593,1.4572622383033473,1.4612685264374854,1.0427395484263575,True,True,True,False
3,2023-03-29,2026-04-02,1.0801648111742557,1.044394543306895,0.7227483311411191,1.3445973006770786,1.3664134279621882,0.9561069856046017,True,True,True,False
3,2023-04-28,2026-05-04,1.176665651101004,1.140356781617038,0.8092066582090609,1.4445304270493176,1.4727885231524098,1.066184030432688,True,True,True,False
5,2008-11-19,2013-11-20,1.9660401238626157,1.7447345640898937,1.4387894980640619,1.0799901800810936,1.0507499477617563,0.9583673065283373,True,True,True,True
5,2008-12-19,2013-12-20,1.7748611750893124,1.5685423739132451,1.276856299486203,1.045894878545794,1.0165403563790825,0.9468731621070918,True,True,True,True
5,2009-01-22,2014-01-23,1.9356101100420129,1.7139569921645759,1.4155813124593228,1.1019707624860335,1.0753446560408442,1.029492539816346,True,True,True,True
5,2009-02-23,2014-02-24,2.1140325089842626,1.8950719869618622,1.6528588009175773,1.1558357032516184,1.1383570044571636,1.1484406694067562,True,True,True,True
5,2009-03-24,2014-03-25,1.845832890267364,1.6477493274563964,1.5100403551871313,1.1038614089695211,1.0860529360465876,1.1464920382211319,True,True,False,True
5,2009-04-23,2014-04-24,1.7896983574116283,1.6111990892689918,1.4610732678340743,1.108460595130712,1.0941632335588667,1.1489510445900604,True,True,False,True
5,2009-05-22,2014-05-23,1.6655330743411039,1.507707351148532,1.3635315862454633,1.076285073567671,1.0631852871792389,1.116792516607698,True,True,False,True
5,2009-06-23,2014-06-24,1.7258771885704878,1.5608182986964994,1.4135890229904495,1.109808654690452,1.0951818498825825,1.1560522929580515,True,True,False,True
5,2009-07-23,2014-07-24,1.5815315230653804,1.4413215881718662,1.3009625438089598,1.0633084094506133,1.0517005549301024,1.108476216924073,True,True,False,True
5,2009-08-21,2014-08-22,1.4321109157832201,1.3175695771680673,1.182935294774011,1.0059927120085648,0.9983917039780481,1.0480209383435786,True,True,False,True
5,2009-09-22,2014-09-23,1.273826331111612,1.1854790375118252,1.0585182744773887,0.9405528152000002,0.9378801560687766,0.9792991084240573,True,True,False,True
5,2009-10-21,2014-10-22,1.1223811542037612,1.0459170457198077,0.9525856740221654,0.8695495391921858,0.8649767565426989,0.9114966053302341,True,True,False,True
5,2009-11-19,2014-11-20,1.2707827841049188,1.1883626278275639,1.0446367632556073,0.945925817313809,0.9431288221137717,0.9782481307598055,True,True,False,True
5,2009-12-21,2014-12-22,1.3334696308076768,1.2378246397020582,1.0835609253464655,0.9729685303154821,0.9661653763624637,1.0002383304175908,True,True,False,True
5,2010-01-22,2015-01-23,1.2888536212415205,1.1917660439705235,1.0309956342441366,0.953283722092495,0.9424541007464944,0.9671609199478476,True,True,False,True
5,2010-02-23,2015-02-24,1.4100217147272809,1.2947099343944246,1.1089673510729643,1.0130444586954976,0.995381479264859,1.0198144618358647,True,True,False,True
5,2010-03-24,2015-03-25,1.190273494068948,1.1112280693037166,0.9403372086787893,0.9122637580607242,0.9027463498513022,0.9120814587950727,True,True,True,True
5,2010-04-23,2015-04-24,1.1833734072842441,1.1068828803093251,0.9363437358715863,0.9095074264808349,0.9008359003172761,0.9099237602371746,True,True,False,True
5,2010-05-24,2015-05-26,1.4181645006702275,1.3203216214409683,1.138066832783648,1.049223889828045,1.0409959389341816,1.0606068702723421,True,True,False,True
5,2010-06-23,2015-06-24,1.4299045491757583,1.3235925955394992,1.1272956145632067,1.0565535472340633,1.045088164649474,1.073589936971551,True,True,False,True
5,2010-07-23,2015-07-24,1.3957761435385727,1.2893886408612332,1.1041440643552587,1.0503192298949993,1.038872859326166,1.0715420168137668,True,True,False,True
5,2010-08-23,2015-08-24,1.2760802879231852,1.1791322026792406,0.9514037419333015,0.9988651568679757,0.9877327690319603,0.9638732614793698,True,True,True,True
5,2010-09-22,2015-09-23,1.0880825121254607,0.9991420637344013,0.8805167195449533,0.9121796828059742,0.8972700342242715,0.9048948053811592,True,True,True,True
5,2010-10-21,2015-10-22,1.1150395703427556,1.0280419691748723,0.9279765730044605,0.9277629216105718,0.915404627940947,0.9349968002112563,True,True,False,True
5,2010-11-19,2015-11-20,1.1181436716551292,1.037605352567926,0.9317637540846302,0.9288073437659476,0.9191648175470525,0.9370004242248641,True,True,False,True
5,2010-12-21,2015-12-22,0.9450856313687988,0.8914821666266599,0.8094479298492958,0.8338491321134218,0.8307507982830882,0.8478260630145013,True,True,False,True
5,2011-01-21,2016-01-25,0.7940314175990917,0.7558964889736164,0.6230938217447082,0.7417520153994672,0.741550295830346,0.6978862331977621,True,True,True,True
5,2011-02-22,2016-02-24,0.712705433215914,0.6976092943815781,0.5910643505145727,0.6801084792719857,0.6903936891815459,0.6666632603430598,True,True,True,False
5,2011-03-23,2016-03-24,0.9510366722906525,0.9130196209934878,0.7419635168161423,0.8254654060706135,0.8262976602985832,0.785634791199837,True,True,True,False
5,2011-04-21,2016-04-25,0.9473706371792225,0.9135868510832934,0.7378337342598071,0.8219813682101932,0.824772000736398,0.7820439087100277,True,True,True,False
5,2011-05-23,2016-05-24,0.9326908180407529,0.8995205601040035,0.7250593598090882,0.8131839127930303,0.8156272170568878,0.7717385858931212,True,True,True,False
5,2011-06-22,2016-06-23,1.0156219725483386,0.9774979659611212,0.8061143725618973,0.8629318937472653,0.8650193008797835,0.8344455815958652,True,True,True,False
5,2011-07-22,2016-07-25,0.9946835795861442,0.9541424310394617,0.7865894401989737,0.848899241203513,0.848433562703511,0.8175167559600441,True,True,True,True
5,2011-08-22,2016-08-23,1.349453552409153,1.293516555181728,1.1559969572416406,1.0527475220921032,1.0561445292186413,1.1269303544123583,True,True,False,False
5,2011-09-21,2016-09-22,1.185503322621377,1.1285953970640041,1.0041348894275943,0.9858879869793918,0.9854354429162392,1.044315300689727,True,True,False,True
5,2011-10-20,2016-10-21,1.1447229651503674,1.0971451968237127,0.958956029129675,1.0303549367610356,1.0413803599049094,1.0461146622994668,True,True,False,False
5,2011-11-18,2016-11-21,1.1751801721415358,1.1183984919479677,0.9992668825281326,1.1192372521481457,1.1359856840186289,1.1068318156685422,True,True,True,False
5,2011-12-20,2016-12-21,1.3170368500428626,1.2393823724670634,1.0803995132296391,1.2635758033430051,1.2844688495009702,1.1936715420801112,True,True,True,False
5,2012-01-23,2017-01-24,1.0565343856237508,0.9984901541371203,0.9119338205344993,1.1121234131859083,1.1336921231083477,1.070569563616071,True,True,True,False
5,2012-02-22,2017-02-23,1.0727985431704892,1.0073490210514109,0.9204090022760583,1.1245628934769567,1.14212753187057,1.078936438995677,True,True,True,False
5,2012-03-22,2017-03-24,0.9948230625066954,0.9324228063962405,0.8487279066513052,1.0687968815270794,1.0835675973560719,1.0199303445250496,True,True,True,False
5,2012-04-23,2017-04-25,1.0770033476006282,1.0034704481759982,0.9166984137397349,1.137439597685785,1.1460221597102442,1.0823709355352478,True,True,True,False
5,2012-05-22,2017-05-24,1.195523756659497,1.1123397970766957,1.020852537167317,1.226569224783533,1.2359669336436618,1.172469543816586,True,True,True,False
5,2012-06-21,2017-06-23,1.2211251282606912,1.131696529254428,0.9885098939715216,1.2555811123127607,1.2603313878384854,1.158848408480393,True,True,True,False
5,2012-07-23,2017-07-25,1.2521866254671425,1.1535721644308712,1.0089161367871813,1.2881722067796613,1.28914810201763,1.1868502127453942,True,True,True,False
5,2012-08-21,2017-08-23,1.1315351403107936,1.0430471318969787,0.9058151007302144,1.20671252659334,1.2068291120837764,1.1033959372236286,True,True,True,False
5,2012-09-20,2017-09-22,1.1039089967535292,1.0297745105312082,0.8934340049491916,1.1924007101840095,1.1996008759633063,1.0956985827649597,True,True,True,False
5,2012-10-19,2017-10-23,1.1665756523249815,1.0854942471512223,0.945411031715353,1.2425651580599981,1.246827577465667,1.1430187688669278,True,True,True,False
5,2012-11-21,2017-11-21,1.363928925647917,1.2424090081156414,1.068953898148611,1.3941222709037182,1.3774635745698574,1.257630833728014,True,True,True,True
5,2012-12-21,2017-12-21,1.3591794301176647,1.2378327687311428,1.052781261028434,1.391938568885833,1.3749316513286738,1.2458855335758758,True,True,True,True
5,2013-01-24,2018-01-24,1.3941841412160927,1.2847100890182186,1.0957821885316585,1.4234844958334212,1.4157353259676912,1.2864636036190893,True,True,True,True
5,2013-02-25,2018-02-23,1.2877800292726693,1.1796022646357045,0.9993659704412272,1.3163425866271208,1.296905766967344,1.169837698604782,True,True,True,True
5,2013-03-26,2018-03-26,1.1430516124586116,1.0609863416984795,0.8905586693473273,1.1970904429390348,1.1885044631225303,1.0618596439052783,True,True,True,True
5,2013-04-25,2018-04-25,1.085165091317093,1.0114462332433662,0.8451151457172619,1.1469820594690965,1.1412094301158864,1.0147323066769636,True,True,True,True
5,2013-05-24,2018-05-24,1.0524622313301921,0.986178066875373,0.8219364617934379,1.1212198366912993,1.1186035089523103,0.9918876802819049,True,True,True,True
5,2013-06-25,2018-06-25,1.1653972286687964,1.0768164353361356,0.9050797363518701,1.2145079850208471,1.1974271389356346,1.0704603777230137,True,True,True,True
5,2013-07-25,2018-07-25,1.0886181839089346,1.028506322953504,0.860764497607075,1.1591816819813052,1.1578068117864728,1.0303150057189223,True,True,True,True
5,2013-08-23,2018-08-23,1.14181282658198,1.0714587060820402,0.900165049978445,1.1987473164833131,1.190398966188802,1.0630965406028574,True,True,True,True
5,2013-09-24,2018-09-24,1.1262215685714465,1.060615011865956,0.8902180456275761,1.1901682954086237,1.182351390133107,1.0546050942711145,True,True,True,True
5,2013-10-23,2018-10-23,0.9202381358992553,0.8768160294426253,0.721617821255736,1.0203124817385478,1.0214747770851613,0.8928531536674056,True,True,True,False
5,2013-11-21,2018-11-21,0.8219496772285515,0.7884808720081129,0.6389762657486,0.9219300922911147,0.9242955991289691,0.7962539477637226,True,True,True,False
5,2013-12-23,2018-12-24,0.6993250976242031,0.6587251904301936,0.4251570027353453,0.8047736194069174,0.7930479497415356,0.560398016037839,True,True,True,True
5,2014-01-24,2019-01-25,0.9288031622278057,0.8850668918436586,0.6054849740576917,0.9779734848962965,0.97256140973709,0.7253050134420816,True,True,True,True
5,2014-02-25,2019-02-26,1.0002317813079804,0.9439609708186765,0.6679315895257742,1.0373344399854234,1.024159596569398,0.7835229146687187,True,True,True,True
5,2014-03-26,2019-03-27,0.995630816303265,0.9316152808264684,0.6573389044659395,1.0291096027560098,1.009446725871717,0.7695105636743231,True,True,True,True
5,2014-04-25,2019-04-26,1.0830414778193638,1.010259278695734,0.7248159836572416,1.0951236044861354,1.0727025004520032,0.8306207807613298,True,True,True,True
5,2014-05-27,2019-05-28,0.9511465966168167,0.8939985653679179,0.6250635095637938,0.9878650866766965,0.9722899523699847,0.7330908072694124,True,True,True,True
5,2014-06-25,2019-06-26,0.9987569447499369,0.9437183022409295,0.647400436555646,1.0136273087211933,1.001867666439943,0.7475836634075623,True,True,True,True
5,2014-07-25,2019-07-26,1.0521857958742498,0.9807551716484915,0.6787910731310784,1.0485437422746822,1.0276522780343964,0.7731637137201657,True,True,True,True
5,2014-08-25,2019-08-26,0.9390522237554526,0.8739403208044751,0.5965726742425801,0.942694162182285,0.9195656322066456,0.6850138470854706,True,True,True,True
5,2014-09-24,2019-09-25,1.0248259561235846,0.9563750201852099,0.6596417163035395,0.9997067818266455,0.9780180144879983,0.7383224599614254,True,True,True,True
5,2014-10-23,2019-10-24,1.1277227279745454,1.055835813912097,0.7212211138109896,1.0745168217944399,1.055246121336476,0.7944149405296249,True,True,True,True
5,2014-11-21,2019-11-22,1.0307910097021376,0.9529436218707448,0.6701794873943907,1.0098820362651681,0.9818915943051497,0.7491476099691071,True,True,True,True
5,2014-12-23,2019-12-24,1.0788781167798245,0.9909012585693764,0.7085979603430923,1.0487387998127065,1.0155686967414328,0.7858932990795268,True,True,True,True
5,2015-01-26,2020-01-27,1.1155443358661108,1.0197957317405595,0.7416583643066839,1.0760091312426425,1.0410529121634486,0.8162310535033656,True,True,True,True
5,2015-02-25,2020-02-26,0.9589988570425851,0.8666475189559284,0.6228955596301691,0.9547577942578207,0.9135701017278834,0.7024230592768188,True,True,True,True
5,2015-03-26,2020-03-26,0.8220693553700575,0.7361731628071124,0.4028245343926715,0.7849831448227447,0.7395774322137741,0.40758754226255917,True,True,True,True
5,2015-04-27,2020-04-27,1.194738646670988,1.0955404592867009,0.4987535713001152,0.9338234086419475,0.8971075329345187,0.46917359484247717,True,True,True,True
5,2015-05-27,2020-05-27,1.4155710850101015,1.3049165566474312,0.5919452749936085,1.0116355943871627,0.9759394043350342,0.5305310707791149,True,True,True,True
5,2015-06-25,2020-06-25,1.4853442720074654,1.3721294910927977,0.6127672423870618,1.0103819249126509,0.9751126666066302,0.53914310437108,True,True,True,True
5,2015-07-27,2020-07-27,1.7077474441372638,1.5785021291804706,0.7164280306840036,1.0950992099131738,1.058392724355715,0.6037358508582154,True,True,True,True
5,2015-08-25,2020-08-25,2.145369708303924,1.963719578953563,1.0058170282312666,1.260928492960807,1.2159125123310286,0.7725009793228865,True,True,True,True
5,2015-09-24,2020-09-24,1.921494172722749,1.7738552596033914,0.8434975467697126,1.1698382760008958,1.1351000712096615,0.684253603061711,True,True,True,True
5,2015-10-23,2020-10-23,1.9672604128014481,1.7956588891819214,0.8585283162430215,1.1842824185932148,1.1434635666051947,0.692778578017101,True,True,True,True
5,2015-11-23,2020-11-23,2.0109787143325812,1.8264107170033919,0.8841312262644778,1.1912161342641991,1.1494756929136516,0.7035596913727725,True,True,True,True
5,2015-12-23,2020-12-23,2.2224216180823513,2.011296416454096,0.9893879579439357,1.2642894184200895,1.2204399616624098,0.7635771830412689,True,True,True,True
5,2016-01-26,2021-01-26,2.562935834576475,2.294937284323709,1.2527461436900844,1.369356701321587,1.3189247861336229,0.9012363810506934,True,True,True,True
5,2016-02-25,2021-02-25,2.4757701170525594,2.2323264916763224,1.179591157856561,1.3557632408575164,1.3141645247710487,0.8677301992051755,True,True,True,True
5,2016-03-28,2021-03-26,2.348895769012237,2.0878788806403006,1.143139510865947,1.3159231547227892,1.266665931117278,0.8478591202326043,True,True,True,True
5,2016-04-26,2021-04-27,2.4735773977007964,2.16171080311553,1.2002494159559927,1.3551927497352787,1.2947695989852508,0.8759587969117602,True,True,True,True
5,2016-05-25,2021-05-26,2.5009513302822954,2.1847458804396727,1.2162796345892097,1.3591193442879743,1.3011935479865668,0.8828718827634556,True,True,True,True
5,2016-06-24,2021-06-25,2.5171088061901163,2.190697422674185,1.2204213408175693,1.3634578638411643,1.3031329472030924,0.884883327096666,True,True,True,True
5,2016-07-26,2021-07-27,2.49276571611976,2.1664952760882916,1.2233683998706884,1.3646417385921201,1.303981792259133,0.8902514126354923,True,True,True,True
5,2016-08-24,2021-08-25,2.536773470907289,2.2035955817720434,1.2494185405122082,1.377047489180005,1.3160735975697142,0.9023259425329943,True,True,True,True
5,2016-09-23,2021-09-24,2.5094102586852434,2.188152887347822,1.2385753856049595,1.3704678473415175,1.3123247546385655,0.8981925990065638,True,True,True,True
5,2016-10-24,2021-10-25,2.702317040773891,2.3206785613681387,1.3316288627452595,1.4235173980454587,1.354405771456607,0.9400691001146599,True,True,True,True
5,2016-11-22,2021-11-23,2.7089650422597447,2.3171672013816464,1.3291633460923604,1.4280585349387278,1.3555474001666745,0.9404499126642902,True,True,True,True
5,2016-12-22,2021-12-23,2.676962209950916,2.329721171380766,1.2774718590807574,1.4034503489015207,1.3445415939628407,0.9109422331082865,True,True,True,True
5,2017-01-25,2022-01-25,2.392879008339867,2.0828798949080376,1.085714265746959,1.313137888504786,1.2541756098996777,0.8147305246194273,True,True,True,True
5,2017-02-24,2022-02-24,2.205449071940477,1.9305449882546295,0.9792221293359562,1.2454208469574575,1.192068428079318,0.7535598137633066,True,True,True,True
5,2017-03-27,2022-03-25,2.364689366631127,2.0661300133948273,1.1123903062418399,1.2917509780333178,1.2370507335369625,0.8147708928444536,True,True,True,True
5,2017-04-26,2022-04-26,2.083620221562954,1.8202002638597001,0.9034758498941029,1.1960580232410138,1.142297450022364,0.702896072549066,True,True,True,True
5,2017-05-25,2022-05-25,2.108017781247628,1.844051348872168,0.8022318568839519,1.182699268577629,1.1289748361314509,0.6373667529500806,True,True,True,True
5,2017-06-26,2022-06-27,2.443570500260039,2.125061389041374,0.7431769611015011,1.2670903663936708,1.2095056892319411,0.5960668564810998,True,True,True,True
5,2017-07-26,2022-07-27,2.4925866650273534,2.1662170308182804,0.7678335833489902,1.2763866642859676,1.2186453989370023,0.6062379182336299,True,True,True,True
5,2017-08-24,2022-08-25,2.7292656004761207,2.350770807370324,0.8708778032956821,1.3337836355670645,1.2709371871960418,0.6586375526626168,True,True,True,True
5,2017-09-25,2022-09-26,2.4430054882444563,2.1384969145305486,0.5915629875512378,1.2381476838662295,1.1896051814231756,0.49591532538423844,True,True,True,True
5,2017-10-24,2022-10-25,2.1254234567249366,1.8539499470548084,0.6378072886223809,1.1317813688270009,1.080477175209964,0.5166637922071682,True,True,True,True
5,2017-11-22,2022-11-23,2.3940943878541794,2.0713750260825967,0.6867152973535908,1.1928530533167878,1.1380944424865804,0.5381226364445955,True,True,True,True
5,2017-12-22,2022-12-23,2.1224007936668956,1.8381047163960345,0.5586096129531544,1.1042643857472725,1.0518056876247404,0.46007457859105233,True,True,True,True
5,2018-01-25,2023-01-26,2.10129650308788,1.8240195368323353,0.556749440143403,1.0923657971835399,1.0413854955600188,0.4554901059460638,True,True,True,True
5,2018-02-26,2023-02-27,2.110656388226029,1.8606006919354607,0.5769149142075227,1.098754767105345,1.0578391788408557,0.46667608665668253,True,True,True,True
5,2018-03-27,2023-03-28,2.2437986139418946,1.9665711898213147,0.6249608231833956,1.1389280019862165,1.0928304506014477,0.492658917433768,True,True,True,True
5,2018-04-26,2023-04-27,2.4238038262567696,2.1099898961373187,0.7035194567583389,1.1901985919252651,1.139184255102684,0.5350981235042473,True,True,True,True
5,2018-05-25,2023-05-26,2.377651081593761,2.067795802892068,0.6766343309183809,1.172696667251904,1.1211671729073827,0.5170894544853288,True,True,True,True
5,2018-06-26,2023-06-28,2.5390312656991583,2.206053739798147,0.752196075712523,1.2133933621362911,1.1613923777923854,0.5555638233468594,True,True,True,True
5,2018-07-26,2023-07-28,2.5455486947046992,2.2031110702124073,0.7505878262823147,1.212088907328913,1.1575356003202706,0.551947210128894,True,True,True,True
5,2018-08-24,2023-08-28,2.4053426840815826,2.0845138202413973,0.6857711847488619,1.1695890895327006,1.116086262177745,0.513439835855863,True,True,True,True
5,2018-09-25,2023-09-27,2.2087599271794467,1.9118618903678035,0.5914121818932958,1.10916241656706,1.0550969557809033,0.4565099121811099,True,True,True,True
5,2018-10-24,2023-10-26,2.3588812703673048,2.028900371037803,0.6390401236855332,1.1533377673487766,1.093697999176926,0.4820236206448844,True,True,True,True
5,2018-11-23,2023-11-27,2.754539077930783,2.3843981614156706,0.8641502884328449,1.2623280521196087,1.207050431193399,0.6018539497345134,True,True,True,True
5,2018-12-26,2023-12-27,3.1732086767923677,2.7773421061886676,1.206475581243725,1.366799650568304,1.3198739159411572,0.7632797600867731,True,True,True,True
5,2019-01-28,2024-01-29,2.769239653574009,2.407268859300818,1.0057251048388411,1.2738061708383428,1.2216643557029034,0.675010296775724,True,True,True,True
5,2019-02-27,2024-02-28,2.700841714249073,2.33982123681567,0.9667311307374791,1.2530036353539153,1.1987674664009722,0.653181656488786,True,True,True,True
5,2019-03-28,2024-03-28,2.809794862266035,2.44219235808163,1.027014737794909,1.2790370740341557,1.2272653863647616,0.6800267354374299,True,True,True,True
5,2019-04-29,2024-04-29,2.533715352358488,2.199163955654187,0.8839018312002007,1.2025416034786691,1.1493394012829579,0.6066557429737938,True,True,True,True
5,2019-05-29,2024-05-29,2.8428201160639706,2.4559528472453493,1.0351179207180405,1.2830400547882086,1.2259870727408442,0.6789187968174065,True,True,True,True
5,2019-06-27,2024-06-28,2.7891956830652638,2.400402626236354,1.02710830613477,1.2701711107926903,1.2102438739535446,0.6734024984724346,True,True,True,True
5,2019-07-29,2024-07-30,2.5987305531676435,2.2571284435233934,0.9416971599395434,1.2161701721797016,1.1619526156701547,0.6285348838371243,True,True,True,True
5,2019-08-27,2024-08-28,2.9692572514048643,2.58408918678946,1.0973880364643818,1.3098221472032885,1.2573045144709958,0.701043164975291,True,True,True,True
5,2019-09-26,2024-09-27,2.9261271651496616,2.545480952750145,1.0742640782698043,1.2899704822054614,1.2365761695969215,0.6871823218171212,True,True,True,True
5,2019-10-25,2024-10-28,2.962243164849077,2.576165376948453,1.0889368451111894,1.2975012521212406,1.2438663150918108,0.6923817018787566,True,True,True,True
5,2019-11-25,2024-11-26,2.9525925061721647,2.572250093447148,1.086649820015083,1.2887756627417073,1.236896895907117,0.6874500755302614,True,True,True,True
5,2019-12-26,2024-12-27,2.7482997098435464,2.4202850178355737,0.9978828273974114,1.2333618480759918,1.188721296105788,0.6425231092834984,True,True,True,True
5,2020-01-28,2025-01-30,2.7777261082822884,2.4535362133345178,1.0173057679217723,1.2366291723632017,1.1940291956257933,0.6487204365261513,True,True,True,True
5,2020-02-27,2025-03-03,2.7590289626118727,2.460493517717451,1.0213697213289232,1.2330731153749317,1.1976318217546722,0.6500360928330097,True,True,True,True
5,2020-03-27,2025-04-01,3.002328268166896,2.7026103462942017,1.3098645038908927,1.339868591582423,1.317420933322196,0.8840923998732669,True,True,True,True
5,2020-04-28,2025-05-01,2.4960389505829297,2.234234955796003,1.0924859997180363,1.250617054891653,1.2256275800519936,0.7545039022559344,True,True,True,True
5,2020-05-28,2025-06-02,2.5290558152338383,2.268627014761989,1.1002008019170475,1.2797825193254782,1.2596438533487526,0.7586949966251542,True,True,True,True
5,2020-06-26,2025-07-02,2.607505333477149,2.3274716042514068,1.168047710177131,1.342251670689619,1.324446026664761,0.8004254398832249,True,True,True,True
5,2020-07-28,2025-08-01,2.372523585978191,2.1042879289721923,1.0658161587371247,1.2768072915986697,1.2529990880861244,0.744281970061948,True,True,True,True
5,2020-08-26,2025-09-02,2.2433525698734504,2.002747110134446,0.9982436045391994,1.2288858839464736,1.20870874980547,0.7020484954602091,True,True,True,True
5,2020-09-25,2025-10-01,2.643219492566238,2.330639062775035,1.2164464612275254,1.374528046914866,1.345427666728969,0.8254316606578188,True,True,True,True
5,2020-10-26,2025-10-30,2.4497506199831744,2.169081255044573,1.108934291797338,1.311901538200682,1.2840551547720211,0.7654166139518189,True,True,True,True
5,2020-11-24,2025-12-01,2.3574049699530213,2.098873464382499,1.0413454588590034,1.2874599521560726,1.2610022222487396,0.7280638642316353,True,True,True,True
5,2020-12-24,2025-12-31,2.254038329485463,2.0170145712939775,0.9874219019296511,1.248947906087708,1.2254791332127093,0.6936305636355428,True,True,True,True
5,2021-01-27,2026-02-02,2.156676474737801,1.9466688202278073,0.941082488223536,1.2116382839068567,1.1937209300094624,0.6628450531686996,True,True,True,True
5,2021-02-26,2026-03-04,2.1256344636853433,1.914195262911369,0.9196909246366916,1.2017525925036006,1.180813930417243,0.648185643614614,True,True,True,True
5,2021-03-29,2026-04-02,1.8479151153648066,1.697530737853266,0.7732871321099226,1.0935069627537048,1.083316002425784,0.5507163211799239,True,True,True,True
5,2021-04-28,2026-05-04,1.9226501798567703,1.7922655172275341,0.8412563310483652,1.119200189072021,1.120155243465989,0.5905418213313158,True,True,True,False
