period,model,n,total_return,cagr,annual_vol,sharpe,max_drawdown,calmar,hit_rate,avg_exposure,pct_levered,pct_short,tc_bps
holdout_2021_plus,SPY_BH,1348,1.1236996887547628,0.15119254603841603,0.16906427892469064,0.717446411375831,-0.24496379256133927,0.6172036465370988,0.5459940652818991,1.0,0.0,0.0,0.0
holdout_2021_plus,v12,1348,2.267813482110947,0.24777739595999404,0.16209803343629298,1.2384858745995968,-0.16727989330939275,1.4812144547564783,0.5541543026706232,0.9002225519287834,0.09643916913946587,0.05118694362017804,0.0
holdout_2021_plus,v17_conservative,1348,2.5083308589314246,0.2644540999752554,0.17291049327320854,1.2483264670387422,-0.17020318540337165,1.5537552916445985,0.5548961424332344,0.9832789317507419,0.7574183976261127,0.05118694362017804,0.0
holdout_2021_plus,SPY_BH,1348,1.1236996887547628,0.15119254603841603,0.16906427892469064,0.717446411375831,-0.24496379256133927,0.6172036465370988,0.5459940652818991,1.0,0.0,0.0,5.0
holdout_2021_plus,v12,1348,2.2205909138573903,0.24438656333486852,0.16206693853349396,1.2218895249255706,-0.16945619387084676,1.4421813552659568,0.5534124629080118,0.9002225519287834,0.09643916913946587,0.05118694362017804,5.0
holdout_2021_plus,v17_conservative,1348,2.452440063177128,0.2606637068831368,0.17287567181917424,1.231164299366332,-0.17252531147480032,1.510872257843802,0.5541543026706232,0.9832789317507419,0.7574183976261127,0.05118694362017804,5.0
holdout_2021_plus,SPY_BH,1348,1.1236996887547628,0.15119254603841603,0.16906427892469064,0.717446411375831,-0.24496379256133927,0.6172036465370988,0.5459940652818991,1.0,0.0,0.0,10.0
holdout_2021_plus,v12,1348,2.1740291380673953,0.24100336561045932,0.1620435809626762,1.2052292151146837,-0.17162777181133593,1.4042212578240858,0.5526706231454006,0.9002225519287834,0.09643916913946587,0.05118694362017804,10.0
holdout_2021_plus,v17_conservative,1348,2.3974167601230527,0.25688309252323704,0.1728480019584737,1.2139449467621481,-0.17484191035780872,1.469230643828665,0.5534124629080118,0.9832789317507419,0.7574183976261127,0.05118694362017804,10.0
holdout_2021_plus,SPY_BH,1348,1.1236996887547628,0.15119254603841603,0.16906427892469064,0.717446411375831,-0.24496379256133927,0.6172036465370988,0.5459940652818991,1.0,0.0,0.0,20.0
holdout_2021_plus,v12,1348,2.082852274667697,0.23425981806034124,0.16202009009388485,1.1717260808838996,-0.1763354626447663,1.3284895423007765,0.5497032640949555,0.9002225519287834,0.09643916913946587,0.05118694362017804,20.0
holdout_2021_plus,v17_conservative,1348,2.2899203489456554,0.24935111260733,0.17281412987000036,1.1793430532789877,-0.1796738816670551,1.3877983282477881,0.5519287833827893,0.9832789317507419,0.7574183976261127,0.05118694362017804,20.0
holdout_2021_plus,SPY_BH,1348,1.1236996887547628,0.15119254603841603,0.16906427892469064,0.717446411375831,-0.24496379256133927,0.6172036465370988,0.5459940652818991,1.0,0.0,0.0,30.0
holdout_2021_plus,v12,1348,1.9942126782479601,0.22754663991656332,0.16202757429642353,1.137995475495216,-0.18121853432554824,1.2556477225877427,0.548219584569733,0.9002225519287834,0.09643916913946587,0.05118694362017804,30.0
holdout_2021_plus,v17_conservative,1348,2.185738975650331,0.2418579858640435,0.17280889383666218,1.1445377348408852,-0.18478236420296168,1.308880243562589,0.5497032640949555,0.9832789317507419,0.7574183976261127,0.05118694362017804,30.0
